Date,VOLATILITY_30D,VOLATILITY_60D,VOLATILITY_90D
11/2/2007,56.25,66.61,61.59
11/5/2007,59.05,67.58,62.22
11/6/2007,59.52,67.59,62.3
11/7/2007,56.73,67.89,62.55
11/8/2007,56.68,67.92,62.46
11/9/2007,56.61,67.97,62.37
11/12/2007,54.63,59.84,62.37
11/13/2007,54.19,59.18,61.95
11/14/2007,54.21,58.47,61.95
11/15/2007,52.44,58.67,61.96
11/16/2007,52.28,58.86,62.15
11/19/2007,53.18,58.88,61.85
11/20/2007,54.56,59.27,62.24
11/21/2007,54.19,58.82,62
11/23/2007,54.32,58.52,61.93
11/26/2007,50.81,58.03,61.52
11/27/2007,51.16,58.1,60.56
11/28/2007,53.06,58.88,60.93
11/29/2007,53.99,58.85,61.15
11/30/2007,52.45,58.71,61.28
12/3/2007,52.14,57.21,61.17
12/4/2007,51.84,57.25,60.31
12/5/2007,51.08,54.76,59.7
12/6/2007,50.61,52.95,59.64
12/7/2007,51.14,52.65,59.38
12/10/2007,51.33,51.43,59.47
12/11/2007,41.17,51.37,59.4
12/12/2007,41.85,50.41,59.85
12/13/2007,40.59,50.44,60.09
12/14/2007,40.5,50.71,59.47
12/17/2007,38.09,49.83,59.17
12/18/2007,38.3,49.9,59.22
12/19/2007,37.41,49.88,59.12
12/20/2007,37.18,47.44,59.1
12/21/2007,36.43,47.43,59.11
12/24/2007,36.73,47.38,59.15
12/26/2007,36.79,46.06,53.26
12/27/2007,37.21,46.03,52.89
12/28/2007,38.16,46.29,52.53
12/31/2007,36.43,45.28,52.55
1/2/2008,38.54,45.75,52.97
1/3/2008,37.12,46.05,52.91
1/4/2008,37.55,46.06,52.66
1/7/2008,37.14,45.84,52.34
1/8/2008,37.26,45.81,52.05
1/9/2008,36.84,43.9,51.76
1/10/2008,33.68,43.98,51.65
1/11/2008,32.56,43.96,51.47
1/14/2008,31.97,43.99,51.24
1/15/2008,32.36,43.01,51.12
1/16/2008,32.35,42.76,49.95
1/17/2008,32.51,42.55,49.97
1/18/2008,32.42,42.23,48.17
1/22/2008,34.11,42.77,47.33
1/23/2008,33.68,42.79,46.89
1/24/2008,34.22,43.04,46.05
1/25/2008,32.36,38.01,46.12
1/28/2008,30.95,37.27,44.85
1/29/2008,30.18,36.51,44.6
1/30/2008,30.17,36.17,44.58
1/31/2008,30,34.55,43.95
2/1/2008,33.07,35.5,44.61
2/4/2008,33.21,35.06,44.65
2/5/2008,33.24,35.03,42.9
2/6/2008,32.2,34.71,42.88
2/7/2008,32.31,34.78,42.73
2/8/2008,32.61,35.14,42.01
2/11/2008,32.47,35.42,42.08
2/12/2008,32.72,35.3,42.04
2/13/2008,29.88,34.44,41.22
2/14/2008,31.43,35.13,41.43
2/15/2008,31.4,34.09,41.51
2/19/2008,32.88,34.77,41.79
2/20/2008,32.85,34.6,41.62
2/21/2008,32.82,34.68,41.62
2/22/2008,33.33,34.71,40.43
2/25/2008,33.2,32.94,40.37
2/26/2008,32.94,32.32,40.34
2/27/2008,33.83,32.72,40.66
2/28/2008,37.16,34.34,40.82
2/29/2008,37.21,34.34,40.64
3/3/2008,36.95,34.37,40.47
3/4/2008,34.06,34.22,40.2
3/5/2008,35.25,34.52,40.44
3/6/2008,35.02,34.2,40.44
3/7/2008,34.72,34.2,40.43
3/10/2008,35.12,33.46,37.16
3/11/2008,34.73,32.68,36.66
3/12/2008,34.78,32.09,36.18
3/13/2008,35.01,32.24,36.03
3/14/2008,34.22,33.39,35.46
3/17/2008,43.32,38.01,38.08
3/18/2008,44.17,38.46,38.06
3/19/2008,46.46,39.7,38.78
3/20/2008,46.37,39.28,38.6
3/24/2008,46.57,39.61,38.87
3/25/2008,46.05,39.52,38.88
3/26/2008,45.97,39.25,38.85
3/27/2008,45.88,39.21,38.71
3/28/2008,44.55,38.3,38.37
3/31/2008,44.92,38.28,38.33
4/1/2008,45.69,39.13,38.24
4/2/2008,45.73,39.16,38.25
4/3/2008,47.69,40.34,38.94
4/4/2008,47.11,40.33,39
4/7/2008,49.29,41.36,39.59
4/8/2008,49.42,41.4,38.67
4/9/2008,49.42,41.89,38.73
4/10/2008,46.74,41.62,38.51
4/11/2008,47.11,41.84,38.62
4/14/2008,47.26,41.86,38.62
4/15/2008,47.4,41.81,38.67
4/16/2008,46.35,40.83,38.69
4/17/2008,46.39,40.81,38.42
4/18/2008,46.68,40.74,38.32
4/21/2008,46.26,40.6,38.35
4/22/2008,46.44,40.71,37.83
4/23/2008,46.63,40.62,37.43
4/24/2008,46.26,40.63,37.12
4/25/2008,44.9,40.69,37.17
4/28/2008,37.01,39.7,37.35
4/29/2008,38.63,40.79,38.12
4/30/2008,35.81,40.79,38.09
5/1/2008,37.12,41.33,38.45
5/2/2008,36.71,41.42,38.25
5/5/2008,37.89,41.75,38.63
5/6/2008,37.84,41.51,38.59
5/7/2008,37.94,41.44,38.4
5/8/2008,37.7,41.44,38.42
5/9/2008,37.36,40.77,37.84
5/12/2008,35.85,40.95,37.79
5/13/2008,35.84,40.42,37.69
5/14/2008,32.66,40.47,37.74
5/15/2008,33.08,40.64,37.9
5/16/2008,31.91,40.83,38.21
5/19/2008,32.05,40.97,38.21
5/20/2008,32.1,41.58,38.61
5/21/2008,32.63,41.15,38.69
5/22/2008,31.73,39.66,38.49
5/23/2008,31.69,39.64,38.47
5/27/2008,31.7,39.66,38.46
5/28/2008,31.29,39.67,38.38
5/29/2008,33.68,39.85,38.26
5/30/2008,33.69,40,38.3
6/2/2008,34.04,40.21,38.29
6/3/2008,34.06,40.1,38.26
6/4/2008,33.97,40.13,38.26
6/5/2008,34,40.16,38.16
6/6/2008,33.94,40.03,38.19
6/9/2008,33.33,39.2,38.24
6/10/2008,31,34.96,37.5
6/11/2008,31.22,34.53,37.51
6/12/2008,29.66,33.03,37.52
6/13/2008,29.94,33.29,37.66
6/16/2008,28.96,33.16,37.77
6/17/2008,28.89,33.16,37.63
6/18/2008,29.05,33.22,37.52
6/19/2008,30.44,33.89,37.81
6/20/2008,29.9,33.69,37.78
6/23/2008,29.08,33.34,37.2
6/24/2008,29.64,32.35,37.23
6/25/2008,30.32,32.74,37.06
6/26/2008,30.45,31.46,37.26
6/27/2008,28.79,31.29,37.2
6/30/2008,28.24,29.93,37
7/1/2008,26.72,29.78,37.02
7/2/2008,26.46,29.19,37.08
7/3/2008,26.6,29.25,36.63
7/7/2008,30.42,30.67,36.53
7/8/2008,34.01,32.51,37.53
7/9/2008,35.17,33.15,37.94
7/10/2008,33.81,33.21,38.11
7/11/2008,34.94,34,38.04
7/14/2008,34.31,33.81,38.04
7/15/2008,35.79,34.91,38.76
7/16/2008,35.51,34.84,38.56
7/17/2008,41.82,38.5,40.91
7/18/2008,41.47,38.5,40.91
7/21/2008,41.47,38.36,40.77
7/22/2008,42.87,38.86,40.97
7/23/2008,42.57,38.43,38.81
7/24/2008,43.73,39.67,39.29
7/25/2008,43.95,39.66,38.87
7/28/2008,43.03,39.43,38.89
7/29/2008,43.18,38.58,38.59
7/30/2008,42.34,38.61,38.56
7/31/2008,42.11,38.46,38.52
8/1/2008,43.39,39.07,38.86
8/4/2008,46.33,41.31,40.6
8/5/2008,46.52,41.18,40.24
8/6/2008,46.83,41.11,39.76
8/7/2008,45.22,41.08,39.88
8/8/2008,45.24,41.59,39.74
8/11/2008,45.27,41.5,39.78
8/12/2008,44.68,41.46,38.82
8/13/2008,45.63,40.73,38.9
8/14/2008,45.15,40.86,38.85
8/15/2008,44.47,40.79,38.84
8/18/2008,43.47,40.76,38.93
8/19/2008,43.95,40.94,38.88
8/20/2008,43.14,40.99,38.85
8/21/2008,44.05,40.86,38.83
8/22/2008,45.15,41.57,39.7
8/25/2008,44.52,41.12,39.51
8/26/2008,49.13,42.84,40.7
8/27/2008,44.96,42.86,40.77
8/28/2008,45.94,43.32,41.19
8/29/2008,45.94,43.09,41.22
9/2/2008,50.95,46.39,43.64
9/3/2008,50.79,46.42,43.27
9/4/2008,49.64,46.21,42.91
9/5/2008,49.89,46.35,43.06
9/8/2008,49.95,46.52,42.96
9/9/2008,49.86,46.04,42.77
9/10/2008,49.88,46.03,42.26
9/11/2008,49.97,45.65,42.34
9/12/2008,49.22,45.84,42.34
9/15/2008,44.98,45.71,42.36
9/16/2008,44.99,45.38,42.08
9/17/2008,52.29,49.41,44.62
9/18/2008,52.94,49.72,44.9
9/19/2008,51.92,49.12,44.79
9/22/2008,52.07,49.31,44.89
9/23/2008,53.3,49.99,45.21
9/24/2008,53.8,50.04,45.45
9/25/2008,52.73,50.15,44.94
9/26/2008,53.56,50.14,44.93
9/29/2008,53.96,49.85,45.18
9/30/2008,54.69,49.85,45.46
10/1/2008,55.87,50.6,46.06
10/2/2008,56.14,50.41,46.23
10/3/2008,54.36,50.17,45.93
10/6/2008,58.43,51.94,47.21
10/7/2008,55.3,51.5,46.95
10/8/2008,54.93,51.51,46.72
10/9/2008,54.18,49.5,46.71
10/10/2008,55.31,50.02,47.02
10/13/2008,49.6,50.44,47.18
10/14/2008,49.66,49.95,47.23
10/15/2008,49.82,49.82,47.27
10/16/2008,49.8,49.24,47.25
10/17/2008,49.86,49.19,47.27
10/20/2008,49.84,49.1,47.25
10/21/2008,49.93,49.24,47.1
10/22/2008,49.7,49.21,47.08
10/23/2008,51.7,50.25,47.53
10/24/2008,52.15,49.9,47.55
10/27/2008,52.26,47.93,47.47
10/28/2008,44.74,48.04,47.4
10/29/2008,46.55,49.15,48.25
10/30/2008,46.51,48.99,48.21
10/31/2008,49.33,49.95,48.97
11/3/2008,47.98,49.9,48.98
11/4/2008,50.36,51.35,49.99
11/5/2008,50.34,51.23,49.93
11/6/2008,50.63,51.21,50.21
11/7/2008,50.53,51.59,50.26
11/10/2008,54.23,53.59,51.57
11/11/2008,57.49,55.87,52.52
11/12/2008,58.22,56.48,52.8
11/13/2008,58.17,56.25,52.53
11/14/2008,54.16,55.38,52.36
11/17/2008,55.23,55.95,52.81
11/18/2008,55.23,54.5,52.48
11/19/2008,56.11,54.97,52.93
11/20/2008,58.03,55.91,52.45
11/21/2008,58.13,56.22,52.7
11/24/2008,61.02,54.74,53.91
11/25/2008,64.93,56.94,54.88
11/26/2008,68.58,59.13,56.38
11/28/2008,70.47,60.06,56.54
12/1/2008,70.61,60.11,56.49
12/2/2008,70.88,60.34,56.6
12/3/2008,70.9,60.27,56.59
12/4/2008,70.84,61.11,57.2
12/5/2008,71.68,61.64,57.62
12/8/2008,72.02,61.89,57.48
12/9/2008,71.92,61.88,56.31
12/10/2008,70.72,59.22,56.45
12/11/2008,70.79,58.87,56.45
12/12/2008,68.57,58.94,56.42
12/15/2008,69.26,59.18,56.4
12/16/2008,67.14,58.78,56.47
12/17/2008,67.19,58.62,56.56
12/18/2008,66.59,58.59,56.48
12/19/2008,66.86,58.74,56.49
12/22/2008,62.3,58.42,56.5
12/23/2008,64.47,60.71,58.22
12/24/2008,64.04,60.47,58.44
12/26/2008,64.05,60.21,58.41
12/29/2008,66.11,61.28,59.02
12/30/2008,66.51,60.12,58.92
12/31/2008,67.45,60.65,59.27
1/2/2009,69.28,62.09,59.4
1/5/2009,66.86,62.15,59.42
1/6/2009,66.44,61.58,59.09
1/7/2009,63.56,61.46,59.12
1/8/2009,61.38,62.26,57.79
1/9/2009,56.32,62.18,57.81
1/12/2009,54.46,62.06,57.79
1/13/2009,57.07,63.38,58.7
1/14/2009,57.68,63.87,59
1/15/2009,57.9,63.86,59.1
1/16/2009,56.27,63.86,59.06
1/20/2009,55.56,63.3,59.21
1/21/2009,56.1,63.53,59.39
1/22/2009,56.24,63.55,59.44
1/23/2009,56.35,63.79,59.65
1/26/2009,56.3,62.89,57.66
1/27/2009,56.25,62.92,57.43
1/28/2009,55.2,61.63,57.42
1/29/2009,55.36,61.85,57.49
1/30/2009,55.79,60.74,57.27
2/2/2009,57.01,61.25,57.46
2/3/2009,56.12,60.92,57.43
2/4/2009,56.58,60.92,57.39
2/5/2009,50.31,58.79,57.23
2/6/2009,50.19,57.3,57.2
2/9/2009,50.32,56.71,56.75
2/10/2009,49.07,57.71,57.23
2/11/2009,47.84,57.71,57.2
2/12/2009,46.78,57.08,55.98
2/13/2009,41.76,57.07,55.98
2/17/2009,43.22,57.39,56.7
2/18/2009,43.46,56.1,56.64
2/19/2009,43.86,55.93,56.45
2/20/2009,42.3,53.99,56.28
2/23/2009,43.5,52.48,56.45
2/24/2009,45.23,50.28,56.78
2/25/2009,42.95,49.86,57.03
2/26/2009,41.83,49.71,56.98
2/27/2009,42.74,50.14,57.29
3/2/2009,42.77,50.14,57.19
3/3/2009,43.11,49.77,57.52
3/4/2009,42.27,49.15,56.98
3/5/2009,45.27,50.2,57.62
3/6/2009,45.28,50.57,57.81
3/9/2009,45.53,50.38,57.81
3/10/2009,45.46,50.35,57.16
3/11/2009,45.49,50.27,57.16
3/12/2009,47.84,51.17,57.08
3/13/2009,47.03,50.94,57.05
3/16/2009,45.99,50.91,56.14
3/17/2009,45.99,50.9,56.11
3/18/2009,46.11,50.76,56.05
3/19/2009,60.71,57.75,60.25
3/20/2009,60.14,54.99,58.91
3/23/2009,60.35,54.67,57.69
3/24/2009,58.26,54.76,57.33
3/25/2009,58.26,53.4,57.31
3/26/2009,64.28,55.79,59.25
3/27/2009,68.5,57.64,60.34
3/30/2009,67.48,56.36,60.64
3/31/2009,67.58,56.24,60.31
4/1/2009,67.22,56.3,59.5
4/2/2009,67.53,56.64,59.47
4/3/2009,67.14,55.94,58.36
4/6/2009,66.35,55.98,57.17
4/7/2009,66.53,56.55,55.87
4/8/2009,66.84,55.37,55.44
4/9/2009,66.04,54.83,55.32
4/13/2009,66.09,54.7,55.24
4/14/2009,65.51,54.88,55.37
4/15/2009,65.29,54.53,54.77
4/16/2009,63.43,54.26,54.42
4/17/2009,63.76,54.8,54.68
4/20/2009,65.29,55.33,55.26
4/21/2009,65.3,55.34,55.11
4/22/2009,65.31,55.36,55.11
4/23/2009,63.88,55.75,55.3
4/24/2009,64.36,55.77,55.2
4/27/2009,64.23,55.44,55.05
4/28/2009,64.7,55.17,55.16
4/29/2009,64.61,55.51,55.39
4/30/2009,51.07,55.3,55.08
5/1/2009,53.59,56.42,55.88
5/4/2009,55.75,57.14,54.73
5/5/2009,55.98,57.34,54.56
5/6/2009,60.77,58.52,56.15
5/7/2009,56.16,59.5,56.06
5/8/2009,51.92,60.64,56.5
5/11/2009,51.46,60.63,56.12
5/12/2009,52.16,59.8,55.41
5/13/2009,52.41,60.08,55.44
5/14/2009,52.29,59.7,55.42
5/15/2009,54.44,60.39,55.84
5/18/2009,54.09,60.24,55.3
5/19/2009,54.95,60.95,56.01
5/20/2009,54.85,60.36,56.08
5/21/2009,62.49,63.66,57.31
5/22/2009,62.9,63.48,57.04
5/25/2009,62.9,63.48,57.04
5/26/2009,62.7,63.48,56.94
5/27/2009,62.7,63.08,56.94
5/28/2009,70.78,67.48,60.01
5/29/2009,70.78,66.64,59.97
6/1/2009,75.04,69.67,62.51
6/2/2009,75.75,69.85,62.44
6/3/2009,80.95,72.4,64.25
6/4/2009,80.14,72.41,64.29
6/5/2009,79.35,71.68,64.35
6/8/2009,80.14,71.99,64.48
6/9/2009,80,71.86,64.23
6/10/2009,79.8,71.85,63.98
6/11/2009,81.43,72.54,64.81
6/12/2009,80.54,67.67,64.79
6/15/2009,82.76,69.79,66.3
6/16/2009,82.26,69.75,66.13
6/17/2009,79.94,69.99,66.33
6/18/2009,79.58,70.44,65.96
6/19/2009,77.85,67.76,66
6/22/2009,78.14,65.59,66.11
6/23/2009,77.36,65.39,66.13
6/24/2009,77.48,65.69,65.62
6/25/2009,77.88,65.69,65.74
6/26/2009,77.25,65.75,65.68
6/29/2009,77.18,65.74,65.61
6/30/2009,75.8,65.9,65.66
7/1/2009,75.71,65.17,65.41
7/2/2009,71.3,65.88,65.52
7/6/2009,71.74,66.31,65.78
7/7/2009,71.88,66.38,65.61
7/8/2009,72.16,66.42,65.68
7/9/2009,63.3,66.53,65.51
7/10/2009,62.8,66.35,65.46
7/13/2009,53.85,66.22,64.93
7/14/2009,56.17,66.23,65.28
7/15/2009,51.28,66.83,65.6
7/16/2009,61.76,70.84,68.36
7/17/2009,61.55,70.42,68.34
7/20/2009,60.66,70.03,67.78
7/21/2009,60.67,69.96,67.73
7/22/2009,61.05,69.99,67.76
7/23/2009,61.48,71.28,68.68
7/24/2009,62.62,71.72,68.79
7/27/2009,57.5,71.18,65.44
7/28/2009,57.62,70.51,65.46
7/29/2009,57.75,70.87,65.8
7/30/2009,65.69,72.51,68.16
7/31/2009,65.9,71.9,68.27
8/3/2009,72.22,74,68.59
8/4/2009,72.12,74.01,67.06
8/5/2009,71.48,73.68,66.9
8/6/2009,75.02,75.18,68.19
8/7/2009,74.69,75.24,68.16
8/10/2009,74.71,74.68,68.06
8/11/2009,74.7,74.83,68.21
8/12/2009,74.8,74.04,68.21
8/13/2009,74.45,74.42,68.12
8/14/2009,74.22,71.91,68.21
8/17/2009,74.36,71.89,68.32
8/18/2009,74.34,71.99,68.39
8/19/2009,74.18,72.02,68.34
8/20/2009,75.92,68.69,68.99
8/21/2009,76.62,69.1,69.33
8/24/2009,76.12,65.94,69.44
8/25/2009,75.27,65.76,68.95
8/26/2009,66.44,63.35,68.97
8/27/2009,66.55,63.38,69.05
8/28/2009,70,64.92,69.75
8/31/2009,70,64.64,69.6
9/1/2009,70.64,65.48,70.15
9/2/2009,69.06,65.85,70.32
9/3/2009,70.39,66.21,71.38
9/4/2009,76.06,68.89,72.92
9/8/2009,76.84,66.78,72.56
9/9/2009,76.09,66.83,72.03
9/10/2009,81.81,73.27,75.94
9/11/2009,86.03,75.39,76.54
9/14/2009,87.14,79.02,78.37
9/15/2009,87.24,78.91,77.76
9/16/2009,95.57,83.27,80.75
9/17/2009,96.09,84.86,81.73
9/18/2009,99.73,86.81,83.1
9/21/2009,101.09,87.36,83.59
9/22/2009,100.77,87.39,83.26
9/23/2009,102.53,88.37,84.06
9/24/2009,101.71,88.49,83.63
9/25/2009,101.11,87.87,83.6
9/28/2009,103.1,88.67,82.7
9/29/2009,129.11,104.75,94.36
9/30/2009,129.27,104.61,94.38
10/1/2009,130.66,106.16,95.47
10/2/2009,129.67,106.63,94.02
10/5/2009,129.98,106.81,94.29
10/6/2009,130.17,106.58,92.79
10/7/2009,130.21,106.06,92.62
10/8/2009,129.6,103.71,91.26
10/9/2009,129.96,104.14,91.54
10/12/2009,129.54,104.21,91.58
10/13/2009,129.96,105.14,92.01
10/14/2009,129.79,105.34,92.21
10/15/2009,126.34,104.32,92.21
10/16/2009,125.56,104.82,92.32
10/19/2009,125.55,104.64,92.26
10/20/2009,126.26,105.27,91.9
10/21/2009,120.96,104.77,91.9
10/22/2009,116.94,103.04,91.95
10/23/2009,114.43,103.17,91.88
10/26/2009,116.43,102.03,92.42
10/27/2009,110.95,102.03,92.32
10/28/2009,109.41,102.86,92.9
10/29/2009,116.91,107.14,96.89
10/30/2009,115.25,107.04,96.84
11/2/2009,116.49,107.51,97.1
11/3/2009,115.19,107.33,97.14
11/4/2009,116,107.67,97.29
11/5/2009,116.02,107.2,97.27
11/6/2009,114.76,107.38,97.15
11/9/2009,81.68,107.21,96.94
11/10/2009,82.68,107.59,97.23
11/11/2009,79.11,107.59,97.13
11/12/2009,77.74,107.02,97.27
11/13/2009,75.68,106.35,97.25
11/16/2009,77.14,106.48,97.36
11/17/2009,77.27,106.52,97.11
11/18/2009,79.17,107.54,97.44
11/19/2009,78.79,107.39,95.69
11/20/2009,78.68,106.72,95.73
11/23/2009,76.66,106.59,95.74
11/24/2009,75.99,105.8,95.74
11/25/2009,86.8,108.92,98.56
11/27/2009,84.81,107.21,97.83
11/30/2009,87.4,107.42,98.41
12/1/2009,85.16,107.5,98.36
12/2/2009,86.3,108.21,98.71
12/3/2009,85.99,104.54,98.41
12/4/2009,86,102.4,97.01
12/7/2009,87.48,101.36,97.81
12/8/2009,87.78,101.46,96.53
12/9/2009,86.74,98.85,96.83
12/10/2009,74.81,98.22,97.69
12/11/2009,75.25,96.91,96.85
12/14/2009,74.44,96.2,96.89
12/15/2009,74.89,96.39,97.01
12/16/2009,73.76,95.6,96.89
12/17/2009,75.22,96.07,97.17
12/18/2009,73.85,96.07,96.83
12/21/2009,74.26,94.99,96.73
12/22/2009,72.55,76.99,96.6
12/23/2009,72.61,77.03,96.49
12/24/2009,72.66,75.3,96.71
12/28/2009,74.22,75.45,96.49
12/29/2009,74.18,74.97,96.21
12/30/2009,74.18,74.92,96.14
12/31/2009,71.61,75.13,96.22
1/4/2010,72.82,75.91,96.56
1/5/2010,74.49,75.99,96.8
1/6/2010,76.32,76.96,96.79
1/7/2010,77.46,76.13,96.95
1/8/2010,65.96,75.77,96.42
1/11/2010,68.08,76.69,96.66
1/12/2010,64.79,75.72,95.52
1/13/2010,64.67,75.84,94.67
1/14/2010,63.09,74.89,94.79
1/15/2010,62.76,74.92,94.8
1/19/2010,63.17,74.8,92.13
1/20/2010,59.03,74.48,90.5
1/21/2010,58.79,73.42,88.85
1/22/2010,57.75,73.72,88.99
1/25/2010,53.52,72.56,86.7
1/26/2010,54.56,64.59,85.73
1/27/2010,55.08,65.15,84.84
1/28/2010,54.46,64.68,84.39
1/29/2010,54.4,64.55,84.39
2/1/2010,54.68,65.01,84.19
2/2/2010,54.69,64.98,84.12
2/3/2010,54.44,64.38,84.13
2/4/2010,54.36,64.32,83.27
2/5/2010,54.35,63.61,69.77
2/8/2010,53.92,63.81,69.85
2/9/2010,50.73,63.63,68.52
2/10/2010,50.12,63.63,67.9
2/11/2010,50.35,62.96,67.33
2/12/2010,50.05,62.84,67.25
2/16/2010,47.72,61.64,67.45
2/17/2010,46.39,61.58,67.46
2/18/2010,43.13,62.18,67.48
2/19/2010,42.63,62.43,67.52
2/22/2010,43.27,62.79,66.87
2/23/2010,41.18,55.53,66.74
2/24/2010,40.36,55.55,66.73
2/25/2010,39.28,53.7,65.84
2/26/2010,39.09,53.61,65.83
3/1/2010,38.98,52.88,65.03
3/2/2010,38.8,52.78,65.01
3/3/2010,39.05,52.5,64.84
3/4/2010,39.45,50.29,64.94
3/5/2010,37.35,49.9,64.15
3/8/2010,37.3,49.2,64.18
3/9/2010,35.78,46.15,63.32
3/10/2010,34.63,45.95,56.55
3/11/2010,34.65,45.63,56.72
3/12/2010,34.65,44.91,56.24
3/15/2010,28.73,44.88,56.12
3/16/2010,28.53,43.14,55.72
3/17/2010,28.54,43.13,55.7
3/18/2010,31.32,44.14,55.98
3/19/2010,31.51,44.39,56.03
3/22/2010,31.54,44.23,55.64
3/23/2010,32.02,44.07,55.67
3/24/2010,31.91,41.82,55.45
3/25/2010,31.32,41.85,55.68
3/26/2010,30.84,42.01,55.17
3/29/2010,30.38,41.85,55.11
3/30/2010,32.36,40.7,54.41
3/31/2010,31.41,40.18,54.46
4/1/2010,36.51,39.49,55.19
4/2/2010,36.51,39.49,55.19
4/5/2010,39.07,40.53,55.73
4/6/2010,40.35,41.3,56.2
4/7/2010,40.34,40.17,50.67
4/8/2010,40.84,39.93,50.83
4/9/2010,42.97,40.59,50.09
4/12/2010,42.52,40.42,50.07
4/13/2010,44.28,41.11,49.82
4/14/2010,44.25,41.03,49.78
4/15/2010,45.38,42.21,50.3
4/16/2010,45.64,42.02,48.33
4/19/2010,45.91,41.25,48.18
4/20/2010,46.06,41.3,47.7
4/21/2010,45.86,40.57,45.61
4/22/2010,47.5,41.17,46.12
4/23/2010,48.48,41.54,46.09
4/26/2010,48.48,41.55,45.63
4/27/2010,48.5,39.51,45.63
4/28/2010,48.59,39.64,44.62
4/29/2010,50.7,42.02,46.06
4/30/2010,50.43,42.06,46.02
5/3/2010,50.47,42.12,46.17
5/4/2010,50.33,42.02,46.02
5/5/2010,50.32,41.89,45.79
5/6/2010,49.7,41.94,44.49
5/7/2010,49.38,42,44.5
5/10/2010,50.48,42.79,45.01
5/11/2010,49.69,42.48,44.88
5/12/2010,49.98,43.16,44.29
5/13/2010,47.52,42.57,43.85
5/14/2010,45.6,42.32,42.3
5/17/2010,43.89,42.17,42.15
5/18/2010,43.64,41.96,42.17
5/19/2010,44.88,42.81,41.87
5/20/2010,43.47,42.83,41.63
5/21/2010,43.55,42.86,41.4
5/24/2010,42.02,42.53,41.23
5/25/2010,42,42.55,41.11
5/26/2010,39.6,42.87,41.26
5/27/2010,40.56,42.76,41.7
5/28/2010,39.83,42.83,41.56
6/1/2010,40.49,42.95,41.14
6/2/2010,42,43.83,41.75
6/3/2010,43.57,45.5,42.49
6/4/2010,43.18,45.36,42.19
6/7/2010,43.59,45.56,42.19
6/8/2010,44.11,45.84,42.35
6/9/2010,45.05,46.18,41.39
6/10/2010,38.99,46.15,41.38
6/11/2010,39.05,45.06,41.7
6/14/2010,40.6,45.82,42.47
6/15/2010,41.43,46.02,42.82
6/16/2010,43.92,46.96,43.25
6/17/2010,44.12,47.43,43.57
6/18/2010,45.67,47.49,43.92
6/21/2010,45.68,47.42,43.98
6/22/2010,46.34,47.72,44.08
6/23/2010,45.34,47.32,43.86
6/24/2010,45.49,47,43.82
6/25/2010,45.8,45.93,43.5
6/28/2010,46.64,45.52,43.59
6/29/2010,47.88,45.24,43.73
6/30/2010,45.94,45.1,43.62
7/1/2010,47.71,45.74,44.45
7/2/2010,48.78,45.76,44.82
7/6/2010,48.73,45.61,44.79
7/7/2010,49.57,45.38,44.74
7/8/2010,50.59,46.06,45.16
7/9/2010,49.68,44.64,45.12
7/12/2010,49.59,44.58,44.64
7/13/2010,49.19,44.3,44.65
7/14/2010,47.73,44.36,44.63
7/15/2010,48.27,46.19,45.93
7/16/2010,47.89,45.51,45.97
7/19/2010,47.18,45.08,45.74
7/20/2010,47.18,45.22,45.81
7/21/2010,46.73,45.31,45.91
7/22/2010,47.53,45.6,46.12
7/23/2010,46.86,43.07,46.15
7/26/2010,44.59,42.92,45.25
7/27/2010,43.27,42.82,45.18
7/28/2010,42.22,42.99,45.13
7/29/2010,40.77,42.99,45.12
7/30/2010,40.17,42.93,45.2
8/2/2010,41.83,44.01,45.61
8/3/2010,41.39,43.49,45.39
8/4/2010,41.78,43.6,45.48
8/5/2010,42.58,43.5,45.48
8/6/2010,42.66,43.88,45.53
8/9/2010,43.04,44.52,45.04
8/10/2010,41.78,44.33,44.37
8/11/2010,41.55,44.27,43.74
8/12/2010,38.23,43.33,43.63
8/13/2010,37.15,43.26,43.37
8/16/2010,37.66,43.39,43.03
8/17/2010,37.22,43.41,42.97
8/18/2010,35.66,43.41,42.52
8/19/2010,35.93,43.23,42.58
8/20/2010,36.09,42.74,41.68
8/23/2010,36.18,42.73,41.67
8/24/2010,36.11,42.53,41.48
8/25/2010,32,42.47,42.1
8/26/2010,31.98,40.51,42.16
8/27/2010,33.98,41.02,42.15
8/30/2010,36.49,41.79,42.49
8/31/2010,36.4,41.63,42.49
9/1/2010,34.89,41.38,42.51
9/2/2010,34.86,41.38,42.44
9/3/2010,38.48,42.3,41.6
9/7/2010,38.33,41.15,41.69
9/8/2010,37.37,40.25,41.57
9/9/2010,36.93,39.53,41.62
9/10/2010,37.79,39.26,41.94
9/13/2010,36.45,39.01,41.92
9/14/2010,36.58,38.81,41.78
9/15/2010,35.89,38.62,41.28
9/16/2010,35.71,38.74,41.35
9/17/2010,34.93,38.72,40.89
9/20/2010,36.54,39.63,41.73
9/21/2010,37.57,39.7,41.97
9/22/2010,37.73,39.17,41.88
9/23/2010,38.02,39.14,41.9
9/24/2010,39.11,38.08,41.67
9/27/2010,39.01,37.68,41.77
9/28/2010,39.03,37.78,41.71
9/29/2010,40.45,38.2,42.07
9/30/2010,40.72,37.74,42.23
10/1/2010,40.92,37.91,42.11
10/4/2010,41.09,38.06,41.8
10/5/2010,41.13,38.08,41.76
10/6/2010,40.48,38.71,42.01
10/7/2010,44.94,38.52,42.84
10/8/2010,43.05,38.56,41.6
10/11/2010,41.08,38.61,41.4
10/12/2010,41.17,38.42,41.17
10/13/2010,41.41,38.6,41.21
10/14/2010,41.51,38.03,41.01
10/15/2010,39.65,38.49,41.35
10/18/2010,40.04,38.78,41.24
10/19/2010,40.84,39.05,40.61
10/20/2010,40.84,38.75,40.07
10/21/2010,41.95,39.7,40.32
10/22/2010,41.56,39.32,39.71
10/25/2010,41.37,38.41,39.42
10/26/2010,41.5,38.54,39.35
10/27/2010,41.06,38.22,39.28
10/28/2010,66.35,52.43,48.92
10/29/2010,65.42,52.8,49.36
11/1/2010,66.96,53.38,49.91
11/2/2010,66.93,53.44,49.73
11/3/2010,66.82,53.43,49.39
11/4/2010,66.04,53.44,49.32
11/5/2010,66,53.62,48.65
11/8/2010,66.86,54.04,48.79
11/9/2010,66.75,54.37,49.08
11/10/2010,67.52,54.98,49.35
11/11/2010,67.89,55.23,49.21
11/12/2010,68.42,55.58,49.51
11/15/2010,68.5,55.6,49.56
11/16/2010,67.84,55.6,49.56
11/17/2010,66.55,56.06,50.43
11/18/2010,66.58,55.99,49.22
11/19/2010,67.18,55.69,49.63
11/22/2010,67.45,55.23,49.83
11/23/2010,67.37,55.23,49.74
11/24/2010,67.21,55.12,49.66
11/26/2010,66.48,55.43,49.7
11/29/2010,67.34,55.39,50.2
11/30/2010,67.27,55.19,50.19
12/1/2010,67.42,55.29,50.27
12/2/2010,65.2,55.3,50.23
12/3/2010,64.96,54.98,50.18
12/6/2010,65.15,55.27,50.37
12/7/2010,65.84,55.49,49.89
12/8/2010,66.2,56.3,50.51
12/9/2010,47.27,56.84,50.79
12/10/2010,46.22,56.8,50.54
12/13/2010,42.92,55.66,50.3
12/14/2010,44.77,56.09,50.35
12/15/2010,44.74,56.08,50.36
12/16/2010,46.75,56.74,50.85
12/17/2010,46.38,56.24,50.85
12/20/2010,46.66,56.68,51.33
12/21/2010,47.62,57.42,51.7
12/22/2010,46.59,57.23,51.82
12/23/2010,45.95,57.13,51.89
12/27/2010,44.71,56.97,51.83
12/28/2010,45.12,57.02,51.96
12/29/2010,45.18,57.1,51.99
12/30/2010,42.53,56.79,52.01
12/31/2010,42.62,54.94,51.52
1/3/2011,44.06,55.96,52.23
1/4/2011,43.55,55.83,51.6
1/5/2011,45.66,56.7,51.71
1/6/2011,45.77,56.66,51.74
1/7/2011,44.88,56.6,51.67
1/10/2011,42.79,56.08,51.68
1/11/2011,43,55.7,51.12
1/12/2011,42.7,55.57,50.98
1/13/2011,43.33,55.97,51.19
1/14/2011,43.6,54.86,51.2
1/18/2011,42.72,54.88,51.02
1/19/2011,43.17,55.1,51.22
1/20/2011,41.67,55.31,51.42
1/21/2011,39.98,55.06,51.43
1/24/2011,41.36,43.75,51.71
1/25/2011,42.02,43.46,51.86
1/26/2011,40.3,41.9,51.05
1/27/2011,42.11,42.8,51.38
1/28/2011,39.96,42.74,51.35
1/31/2011,40.4,42.94,51.43
2/1/2011,38.99,42.94,51.15
2/2/2011,36.87,42.41,51.09
2/3/2011,37.03,42.24,51.22
2/4/2011,36.68,41.38,50.96
2/7/2011,39.66,42.21,51.51
2/8/2011,39.14,41.74,51.47
2/9/2011,38.74,41.67,51.36
2/10/2011,38.67,41.76,51.42
2/11/2011,38.54,40.38,51.25
2/14/2011,34.18,40.38,49.94
2/15/2011,34.52,39.62,49.97
2/16/2011,32.65,39.32,49.97
2/17/2011,32.74,39.4,50.01
2/18/2011,32.8,39.41,49.92
2/22/2011,32.8,38.81,49.89
2/23/2011,32.29,37.83,49.55
2/24/2011,32.61,38.22,49.51
2/25/2011,36.59,39.72,50.2
2/28/2011,36.25,39.57,50.2
3/1/2011,37.91,40.46,49.98
3/2/2011,36.43,39.9,50
3/3/2011,34.78,39.74,50.04
3/4/2011,34.75,38.36,50.02
3/7/2011,35.58,38.28,50.14
3/8/2011,35.3,38.39,41.35
3/9/2011,35.81,38.6,40.94
3/10/2011,34.77,38.17,40.19
3/11/2011,35.22,38.31,40.24
3/14/2011,34.45,37.34,40.23
3/15/2011,34.38,37.36,40.23
3/16/2011,33.71,36.28,40.08
3/17/2011,37.53,37.01,40.64
3/18/2011,37.51,36.71,40.33
3/21/2011,34.46,36.54,39.74
3/22/2011,34.67,36.8,39.57
3/23/2011,35.05,36.64,39.24
3/24/2011,35.4,36.75,39.39
3/25/2011,36.22,37.48,39.83
3/28/2011,36.37,37.37,38.81
3/29/2011,37.7,36.08,39.18
3/30/2011,38.05,36.55,38.89
3/31/2011,37.69,35.49,38.68
4/1/2011,37.81,35.47,38.69
4/4/2011,38.29,35.64,38.8
4/5/2011,38.6,35.73,38.51
4/6/2011,38.1,35.73,37.93
4/7/2011,35.3,35.88,38.09
4/8/2011,35.24,35.45,37.92
4/11/2011,33.11,35.45,37.91
4/12/2011,32.75,35.38,37.91
4/13/2011,32.58,34.83,37.55
4/14/2011,32.82,34.44,37.5
4/15/2011,31.75,34.37,36.58
4/18/2011,31.74,33.84,36.12
4/19/2011,32.49,34.14,36.48
4/20/2011,31.33,34.22,36.53
4/21/2011,31.7,33.55,36.17
4/25/2011,31.82,33.57,36.15
4/26/2011,31.83,33.24,35.4
4/27/2011,31.85,33.05,35.4
4/28/2011,30.36,34.07,35.47
4/29/2011,31.21,34.21,34.94
5/2/2011,31.2,34.17,34.75
5/3/2011,30.8,32.47,34.63
5/4/2011,31.17,32.59,34.81
5/5/2011,37.61,36.07,36.72
5/6/2011,35.88,35.96,36.62
5/9/2011,36.25,35.96,36.71
5/10/2011,35.74,36.22,36.81
5/11/2011,35.04,36.3,35.67
5/12/2011,34.95,36.17,35.66
5/13/2011,35.17,36.1,35
5/16/2011,35.2,36.25,35.1
5/17/2011,36.28,36.93,35.51
5/18/2011,35.77,36.9,35.51
5/19/2011,35.98,36.81,35.6
5/20/2011,37.22,35.67,36.01
5/23/2011,37.75,36.06,36.01
5/24/2011,37.73,34.89,35.9
5/25/2011,37.68,34.74,35.86
5/26/2011,37.61,34.77,35.53
5/27/2011,39.69,35.81,35.97
5/30/2011,39.69,35.81,35.97
5/31/2011,40.23,35.87,36.37
6/1/2011,39.6,35.71,35.94
6/2/2011,40.69,36.22,36.19
6/3/2011,40.73,35.99,36.33
6/6/2011,41.23,36.19,35.9
6/7/2011,41.22,36.19,35.9
6/8/2011,41.18,36.19,35.72
6/9/2011,40.94,37.13,36.16
6/10/2011,40.45,35.62,36.15
6/13/2011,41.08,36.03,36.2
6/14/2011,41.27,36.18,36.27
6/15/2011,40.83,35.92,35.24
6/16/2011,36.23,36.59,35.71
6/17/2011,36.72,36.55,35.89
6/20/2011,36.21,35.71,35.8
6/21/2011,35.95,35.86,35.72
6/22/2011,35.99,35.41,35.85
6/23/2011,37.1,35.49,36.16
6/24/2011,37,35.49,36.09
6/27/2011,36.69,35.5,36.02
6/28/2011,36.02,35.67,36.22
6/29/2011,36.16,35.62,36.26
6/30/2011,35.42,35.45,36.31
7/1/2011,34.47,35.27,36.06
7/5/2011,33.68,35.33,34.93
7/6/2011,35.2,35.94,35.42
7/7/2011,35.54,36.2,34.85
7/8/2011,35.85,36.31,34.87
7/11/2011,33.76,36.37,34.95
7/12/2011,32.32,36.43,34.97
7/13/2011,32.74,36.4,34.7
7/14/2011,30.7,35.91,34.59
7/15/2011,32.65,36.69,35.04
7/18/2011,31.61,36.37,34.72
7/19/2011,31.6,36.36,34.65
7/20/2011,31.59,36.4,34.68
7/21/2011,30.53,36.74,34.93
7/22/2011,29.94,35.56,34.93
7/25/2011,29.23,35.06,33.71
7/26/2011,28.99,35.06,33.71
7/27/2011,28.99,35.05,33.71
7/28/2011,28.23,35.33,33.88
7/29/2011,28.48,32.36,33.96
8/1/2011,28.69,32.42,33.82
8/2/2011,28.25,32.2,33.23
8/3/2011,28.22,32.02,33.32
8/4/2011,29.03,32.79,33.5
8/5/2011,28.85,32.78,33.16
8/8/2011,28.72,32.65,33.12
8/9/2011,28.1,32.61,33.22
8/10/2011,28.07,31.95,33.11
8/11/2011,28.95,32.42,33.35
8/12/2011,28.86,32.08,33.23
8/15/2011,28.59,31.36,33.06
8/16/2011,27.65,31.12,33.28
8/17/2011,27.11,31.13,33.16
8/18/2011,26.57,31.11,33.2
8/19/2011,26.09,31.18,33.22
8/22/2011,25.92,29.74,33.15
8/23/2011,26.82,29.46,33.47
8/24/2011,27.17,29.61,33.5
8/25/2011,24.05,28.52,33.1
8/26/2011,24.05,28.35,33.04
8/29/2011,24.39,27.89,32.9
8/30/2011,25.04,28.1,33
8/31/2011,27.22,29.3,33.62
9/1/2011,27.2,28.43,33.62
9/2/2011,29.98,29.47,33.57
9/5/2011,29.98,29.47,33.57
9/6/2011,30.64,29.45,33.35
9/7/2011,30.65,29.36,33.35
9/8/2011,29.84,29.48,33.41
9/9/2011,29.44,28.72,33.36
9/12/2011,29.24,28.49,31.12
9/13/2011,30.25,29.01,31.41
9/14/2011,30.29,28.97,31.35
9/15/2011,30.71,29.96,31.86
9/16/2011,31.15,29.59,31.89
9/19/2011,31.21,29.55,31.91
9/20/2011,30.88,29.53,31.84
9/21/2011,31.24,29.22,31.82
9/22/2011,29.99,29.19,31.4
9/23/2011,29.89,28.99,31.38
9/26/2011,30.74,29.33,31.36
9/27/2011,30.3,29.32,30.9
9/28/2011,30.72,28.73,30.64
9/29/2011,30.6,28.47,30.64
9/30/2011,30.9,28.49,30.79
10/3/2011,30.91,28.19,30.8
10/4/2011,29.72,28.11,29.82
10/5/2011,29.76,28.01,29.34
10/6/2011,29.9,28.1,29.38
10/7/2011,31.2,27.39,29.09
10/10/2011,31.48,27.75,29.19
10/11/2011,31.92,28.25,29.08
10/12/2011,31.01,29.03,29.6
10/13/2011,31.42,28.93,29.7
10/14/2011,32.61,30.86,30.41
10/17/2011,32.11,30.86,30.21
10/18/2011,33.76,31.69,30.58
10/19/2011,33.73,31.79,30.59
10/20/2011,33.8,31.47,30.69
10/21/2011,33.77,31.15,30.12
10/24/2011,32.77,31.05,29.98
10/25/2011,32.78,31.24,30.12
10/26/2011,31.08,31.31,30.09
10/27/2011,31.11,30.61,30.12
10/28/2011,45.29,38.24,35.13
10/31/2011,45.21,38.25,35.1
11/1/2011,46.5,39,35.7
11/2/2011,46.53,39.03,35.46
11/3/2011,46.58,38.65,35.47
11/4/2011,46.13,38.59,35.38
11/7/2011,46.49,38.83,35.51
11/8/2011,46.38,38.67,35.52
11/9/2011,46.98,39.01,35.31
11/10/2011,46.53,38.96,35.17
11/11/2011,46.67,39.01,35.13
11/14/2011,47.81,39.6,35.41
11/15/2011,47.71,39.23,35.41
11/16/2011,47.86,39.23,35.35
11/17/2011,47.33,39.49,35.56
11/18/2011,47.68,39.85,35.12
11/21/2011,47.86,40.11,35.45
11/22/2011,46.74,40,35.47
11/23/2011,46.77,39.28,35.57
11/25/2011,44.98,39.66,35.68
11/28/2011,47.41,40,36.65
11/29/2011,51.9,43.16,39.11
11/30/2011,52.31,43.4,39.27
12/1/2011,52.84,43.76,39.6
12/2/2011,53.11,43.78,39.41
12/5/2011,54.08,44.32,39.64
12/6/2011,53.92,44.02,39.62
12/7/2011,53.93,44.01,39.71
12/8/2011,53.79,43.34,39.7
12/9/2011,43.52,44,39.82
12/12/2011,43.62,44.11,39.93
12/13/2011,42.57,44.15,39.96
12/14/2011,44.19,44.91,40.5
12/15/2011,44,44.9,40.5
12/16/2011,43.98,44.9,40.19
12/19/2011,43.69,44.62,40.18
12/20/2011,43.58,44.6,40.24
12/21/2011,43.39,44.56,40.13
12/22/2011,43.46,44.59,40.14
12/23/2011,43.45,44.51,40.2
12/27/2011,42.39,44.46,40.12
12/28/2011,42.26,44.44,40.1
12/29/2011,42.29,44.44,39.87
12/30/2011,41.76,44.42,39.83
1/3/2012,41.15,43.97,39.82
1/4/2012,41.82,44.44,40.32
1/5/2012,43.02,44.79,40.68
1/6/2012,43.76,44.69,40.91
1/9/2012,43.05,44.69,40.41
1/10/2012,41.04,43.59,40.55
1/11/2012,35.73,45.07,41.03
1/12/2012,35.95,44.81,41.08
1/13/2012,34.1,44.72,41.08
1/16/2012,34.1,44.72,41.08
1/17/2012,38.49,46.63,42.53
1/18/2012,37.9,46.62,42.49
1/19/2012,40.35,48.08,43.61
1/20/2012,40.89,47.97,43.37
1/23/2012,48.21,50.92,45.39
1/24/2012,47.7,50.98,45.06
1/25/2012,52.62,47.53,46.6
1/26/2012,53.79,48.23,47.14
1/27/2012,53.57,48.26,47.45
1/30/2012,53.85,48.42,47.48
1/31/2012,58.38,50.82,49.27
2/1/2012,59.71,51.57,49.86
2/2/2012,64,53.96,51.28
2/3/2012,63.96,53.89,51.28
2/6/2012,64.41,54.04,51.41
2/7/2012,64.74,54.29,51.61
2/8/2012,64.7,54.24,51.53
2/9/2012,64.98,54,51.58
2/10/2012,64.92,53.97,51.56
2/13/2012,65,53.98,51.56
2/14/2012,66.52,54.6,52.09
2/15/2012,66.26,54.98,52.29
2/16/2012,68.38,56.17,53.2
2/17/2012,69.34,57.08,53.67
2/20/2012,69.34,57.08,53.67
2/21/2012,69.44,57.08,53.48
2/22/2012,69.26,56.82,53.44
2/23/2012,67.18,55.95,52.72
2/24/2012,67.15,53.39,52.87
2/27/2012,68.16,53.8,52.96
2/28/2012,65.48,53.86,53.22
2/29/2012,66.38,54.59,53.63
3/1/2012,66.18,55.46,54.49
3/2/2012,66.17,55.47,54.53
3/5/2012,64.18,56.3,55.07
3/6/2012,64.04,56.2,55.02
3/7/2012,60.59,55.83,55.06
3/8/2012,59.32,55.78,51.56
3/9/2012,59.09,56.03,51.77
3/12/2012,59.09,55.56,51.54
3/13/2012,54.62,55.69,51.64
3/14/2012,52.7,55.68,51.59
3/15/2012,47.86,55.68,51.58
3/16/2012,48.06,55.84,51.68
3/19/2012,47.73,55.87,51.65
3/20/2012,46.94,55.83,51.54
3/21/2012,47.02,55.87,51.6
3/22/2012,48.18,56.33,51.89
3/23/2012,48.21,56.35,51.64
3/26/2012,48.31,56.39,51.68
3/27/2012,46.37,56.37,51.64
3/28/2012,44.83,56.35,51.47
3/29/2012,40.94,55.8,51.38
3/30/2012,37.81,55.39,51.13
4/2/2012,38.03,55.08,51.19
4/3/2012,38.45,55.22,51.23
4/4/2012,38.7,55.19,51.06
4/5/2012,38.57,54.18,50.55
4/6/2012,38.57,54.18,50.55
4/9/2012,37.27,54.02,48.57
4/10/2012,36.84,54.44,48.77
4/11/2012,34.34,52.75,48.51
4/12/2012,30.6,52.75,48.48
4/13/2012,30.27,51.23,48.24
4/16/2012,27.7,51.35,48.36
4/17/2012,28.81,49,48.52
4/18/2012,28.4,48.89,48.45
4/19/2012,28.78,46.63,48.16
4/20/2012,27.87,45.95,48.19
4/23/2012,30.68,46.44,48.79
4/24/2012,30.39,46.34,48.36
4/25/2012,34.04,44.72,49.14
4/26/2012,34.23,43.7,49.17
4/27/2012,40.38,43.81,50.84
4/30/2012,42.56,44.7,51.45
5/1/2012,44,45.2,51.87
5/2/2012,46.49,45.98,52.5
5/3/2012,46.42,46.68,52.92
5/4/2012,47.14,46.91,53.07
5/7/2012,47.19,47.23,53.28
5/8/2012,47.56,47.36,53.41
5/9/2012,48.11,46.99,53.66
5/10/2012,47.57,46.13,53.69
5/11/2012,47.33,44.57,53.37
5/14/2012,48.57,43.99,53.25
5/15/2012,48.97,44.21,53.26
5/16/2012,49.81,45.27,53.84
5/17/2012,49.11,45.28,53.72
5/18/2012,51.18,46.37,53.68
5/21/2012,52.39,46.74,54.14
5/22/2012,52.08,46.97,54.48
5/23/2012,51.96,46.36,53.12
5/24/2012,53.54,45.11,53.43
5/25/2012,54.82,45.56,52.58
5/28/2012,54.82,45.56,52.58
5/29/2012,56.8,45.68,53.44
5/30/2012,56.88,45.7,51.88
5/31/2012,56.14,45.42,51.84
6/1/2012,57.99,46.15,50.97
6/4/2012,57.83,46.58,50.82
6/5/2012,57.43,46.35,50.64
6/6/2012,56.38,46.34,50.6
6/7/2012,59.67,48.2,49.86
6/8/2012,55.98,48.25,49.19
6/11/2012,55.46,48.64,48.04
6/12/2012,54.26,48.6,47.93
6/13/2012,52.47,48.77,47.91
6/14/2012,65.14,56.25,52.86
6/15/2012,64.68,55.65,52.87
6/18/2012,67.11,57.27,54.02
6/19/2012,67.8,57.58,54.36
6/20/2012,67.36,57.61,54.3
6/21/2012,67.73,57.78,54.02
6/22/2012,67.84,57.65,53.57
6/25/2012,67.42,57.76,52.87
6/26/2012,67.38,57.94,52.52
6/27/2012,66.07,57.88,52.38
6/28/2012,66.29,57.84,52.47
6/29/2012,65.1,57.91,52.82
7/2/2012,63.18,57.91,52.59
7/3/2012,62.72,57.39,52.24
7/4/2012,62.72,57.39,52.24
7/5/2012,62.8,57.07,52.08
7/6/2012,64.61,58.71,52.73
7/9/2012,64.7,59.07,52.04
7/10/2012,64.39,60.27,52.83
7/11/2012,65.29,60.19,52.43
7/12/2012,65.28,60.18,52.43
7/13/2012,63.72,59.87,52.25
7/16/2012,63.74,60.25,52.41
7/17/2012,63.73,59.83,52.29
7/18/2012,65.76,60.77,53.07
7/19/2012,62.1,60.2,53.05
7/20/2012,62.32,60.17,53.18
7/23/2012,60.67,58.6,53.19
7/24/2012,60.72,58.14,53.21
7/25/2012,61.73,58.44,53.65
7/26/2012,49.04,57.24,53.64
7/27/2012,50.1,57.32,53.94
7/30/2012,50.06,58.35,54.5
7/31/2012,48.46,58.23,54.51
8/1/2012,48.49,58.21,54.4
8/2/2012,55.18,60.76,56.34
8/3/2012,55.33,60.86,56.39
8/6/2012,54.94,60.87,56.27
8/7/2012,54.67,60.52,56.28
8/8/2012,54.81,60.36,56.31
8/9/2012,54.43,59.65,56.27
8/10/2012,56.6,61.07,57.2
8/13/2012,56.76,60.04,57.08
8/14/2012,57.38,59.6,57.38
8/15/2012,57.83,59.49,57.27
8/16/2012,55.15,59.48,57.12
8/17/2012,53.84,59.05,57.13
8/20/2012,51.95,58.83,57.2
8/21/2012,50.36,57.56,57.15
8/22/2012,50.64,57.64,56.86
8/23/2012,50.69,57.69,56.89
8/24/2012,51.27,57.56,57.13
8/27/2012,51.52,57.23,57.24
8/28/2012,47.76,57.28,56.96
8/29/2012,47.73,57.24,56.87
8/30/2012,48.88,56.21,56.8
8/31/2012,49.13,56.28,56.76
9/4/2012,49,55.74,55.62
9/5/2012,48.19,55.99,55.31
9/6/2012,47.99,55.78,55
9/7/2012,48.17,49.15,54.6
9/10/2012,45.99,50.01,54.81
9/11/2012,50.14,49.8,55.53
9/12/2012,50.63,49.36,55.52
9/13/2012,44.02,49.33,55.43
9/14/2012,44.86,49.62,55.54
9/17/2012,45.49,49.9,55.74
9/18/2012,46.06,50.13,56.03
9/19/2012,45.99,49.82,55.75
9/20/2012,46.16,49.89,55.6
9/21/2012,43.3,50.13,55.3
9/24/2012,43.37,49.68,55.35
9/25/2012,42.84,50.08,54.79
9/26/2012,42.71,50.26,54.36
9/27/2012,49.28,53.33,55.96
9/28/2012,49.21,51.72,55.95
10/1/2012,50.51,52.04,56.13
10/2/2012,50.48,50.73,55.86
10/3/2012,52.34,50.91,55.42
10/4/2012,52.14,50.9,55.4
10/5/2012,50.52,50.91,55.41
10/8/2012,49.9,50.55,54.88
10/9/2012,49.45,50.64,54.64
10/10/2012,49.49,49.11,54.62
10/11/2012,49.16,49.61,54.84
10/12/2012,49.13,49.35,53.6
10/15/2012,50.73,49.94,54.04
10/16/2012,50.42,49.86,53.68
10/17/2012,50.24,49.2,53.69
10/18/2012,49.04,49.6,53.71
10/19/2012,47.65,49.09,49.01
10/22/2012,47.47,48.34,49.71
10/23/2012,47.48,48.57,48.67
10/24/2012,48.13,48.79,48.46
10/25/2012,46.93,45.41,48.41
10/26/2012,46.12,45.34,48.32
10/29/2012,44.72,45.46,48.35
10/30/2012,47.34,46.98,49.22
10/31/2012,47.43,46.89,49.06
11/1/2012,47,46.89,49.06
11/2/2012,48.65,45.76,49.47
11/5/2012,48.2,45.59,49.13
11/6/2012,47.62,45.13,49.19
11/7/2012,40.76,44.62,49.08
11/8/2012,40.77,44.54,49.04
11/9/2012,39.49,45.1,48.2
11/12/2012,39.66,45.07,47.9
11/13/2012,39.99,45.91,47.54
11/14/2012,39.99,45.83,47.09
11/15/2012,40.34,45.94,47.19
11/16/2012,40.79,45.25,47.31
11/19/2012,41.07,45.26,47.2
11/20/2012,41.88,45.33,47.42
11/21/2012,40.9,45.39,46.43
11/23/2012,40.91,44.77,46.42
11/26/2012,41.82,45.93,46.94
11/27/2012,41.57,45.84,46.93
11/28/2012,42.07,45.81,46.95
11/29/2012,41.17,45.9,46.53
11/30/2012,41.75,45.56,46.72
12/3/2012,39.28,44.65,46.39
12/4/2012,38.93,43.07,45.15
12/5/2012,40.35,43.74,45.75
12/6/2012,40.45,43.75,45.73
12/7/2012,41.58,43.76,43.76
12/10/2012,41.93,43.74,43.92
12/11/2012,37.49,43.22,43.98
12/12/2012,37.52,43.27,43.92
12/13/2012,37.55,43.32,43.92
12/14/2012,35.88,42.99,43.96
12/17/2012,36.18,42.85,42.65
12/18/2012,36.18,42.57,42.63
12/19/2012,37,42.58,42.53
12/20/2012,39.22,39.48,42.69
12/21/2012,38.25,39.47,42.66
12/24/2012,38.8,38.74,43.04
12/26/2012,36.16,38.73,42.97
12/27/2012,36.12,37.92,43.03
12/28/2012,37.64,38.57,43.28
12/31/2012,37.99,39.26,43.7
1/2/2013,38.92,39.96,43.69
1/3/2013,37.43,39.8,43.6
1/4/2013,38.07,40.25,43.72
1/7/2013,38.04,39.46,43.73
1/8/2013,36.22,39.55,43.28
1/9/2013,36.83,39.47,43.59
1/10/2013,37.81,39.79,43.68
1/11/2013,40.15,40.72,44.03
1/14/2013,39.91,40.2,44.05
1/15/2013,40.56,40.49,43.75
1/16/2013,40.37,39.31,43.09
1/17/2013,38.28,39.15,41.91
1/18/2013,38.79,39.04,41.87
1/22/2013,37.59,39.03,41.84
1/23/2013,36.72,38.96,41.45
1/24/2013,37.69,39.28,41.53
1/25/2013,37.58,37.02,41.1
1/28/2013,39.99,38.2,41.92
1/29/2013,40.3,38.36,42.03
1/30/2013,41.38,38.22,42.08
1/31/2013,41.01,38.22,41.96
2/1/2013,40.21,38.07,41.73
2/4/2013,38.08,38.04,41.37
2/5/2013,38.89,38.38,38.86
2/6/2013,37.76,37.92,38.85
2/7/2013,39.41,38.57,38.6
2/8/2013,39.29,37.2,38.51
2/11/2013,37.82,37.18,37.94
2/12/2013,36.69,37.18,38.01
2/13/2013,35.78,37.18,38.23
2/14/2013,38.1,38.05,38.96
2/15/2013,37.11,37.41,38.81
2/19/2013,38.82,38.09,39.35
2/20/2013,38.54,38.1,38.83
2/21/2013,37.26,37.08,38.86
2/22/2013,36.73,37.13,38.49
2/25/2013,36.3,37.83,38.94
2/26/2013,36.1,37.76,38.91
2/27/2013,35.36,37.45,38.48
2/28/2013,35.6,37.54,38.55
3/1/2013,35.33,37.46,37.74
3/4/2013,35.36,36.51,37.69
3/5/2013,35.35,36.47,37.45
3/6/2013,35.7,36.03,37.56
3/7/2013,35.73,36.23,37.9
3/8/2013,35.89,36.18,37.81
3/11/2013,32.69,36.13,36.32
3/12/2013,31.95,36.05,36.32
3/13/2013,30.71,36.01,36.36
3/14/2013,32.15,36.61,36.19
3/15/2013,31.91,36.58,36.28
3/18/2013,31.92,35.96,36.17
3/19/2013,31.77,35.23,36.29
3/20/2013,31.85,35.22,36.27
3/21/2013,28.93,34.56,35.91
3/22/2013,28.88,34.49,35.79
3/25/2013,29.61,34.59,35.04
3/26/2013,29.64,34.39,35.35
3/27/2013,29.62,33.73,35.44
3/28/2013,25.67,32.83,35.29
3/29/2013,25.67,32.83,35.29
4/1/2013,25.64,32.71,35.13
4/2/2013,24.69,32.47,34.83
4/3/2013,25.71,32.7,34.83
4/4/2013,25.27,32.53,34.89
4/5/2013,27.58,32.67,34.81
4/8/2013,26.59,32.52,34.83
4/9/2013,27.41,31.82,34.78
4/10/2013,27.59,31.87,34.8
4/11/2013,27.54,31.63,34.57
4/12/2013,27.46,31.77,34.69
4/15/2013,28.27,32.02,34.79
4/16/2013,28.22,31.81,34
4/17/2013,27.41,31.87,34.01
4/18/2013,28.6,32.97,34.26
4/19/2013,28.58,32.14,33.91
4/22/2013,30.9,33.04,34.32
4/23/2013,31.06,31.38,34.3
4/24/2013,31.73,31.31,34.4
4/25/2013,30.26,30.7,34.33
4/26/2013,30.07,30.74,34.3
4/29/2013,34.11,32.47,35.42
4/30/2013,33.95,32.65,35.07
5/1/2013,33.97,32.4,34.44
5/2/2013,40.7,36.13,36.72
5/3/2013,40.7,34.98,36.28
5/6/2013,40.46,35.02,36.27
5/7/2013,40.19,35.45,36.45
5/8/2013,39.82,35.32,36.1
5/9/2013,39.7,35.07,35.55
5/10/2013,40.07,33.91,35.13
5/13/2013,39.95,33.88,35.06
5/14/2013,40.28,33.44,35
5/15/2013,40.26,33.48,35.01
5/16/2013,39.33,34.31,35.45
5/17/2013,40.4,34.73,35.25
5/20/2013,40.17,34.02,35.05
5/21/2013,40.53,34.32,34.63
5/22/2013,40.36,34.33,34.58
5/23/2013,40.27,34.38,34.48
5/24/2013,39.81,34.34,34.48
5/28/2013,40.06,34.34,34.51
5/29/2013,39.9,34.39,34.39
5/30/2013,38.45,34.86,34.83
5/31/2013,38.48,34.38,34.88
6/3/2013,37.43,34.3,34.43
6/4/2013,37.42,34.29,34.43
6/5/2013,37.13,34.29,33.43
6/6/2013,39.3,35.57,34.17
6/7/2013,39.31,34.8,33.74
6/10/2013,34.8,34.67,33.78
6/11/2013,35.05,34.92,33.91
6/12/2013,35.53,34.72,33.98
6/13/2013,28.95,34.79,33.76
6/14/2013,29.47,35.05,33.98
6/17/2013,31.77,35.95,33.8
6/18/2013,31.14,35.83,33.8
6/19/2013,31.14,35.46,33.87
6/20/2013,31.81,35.41,34
6/21/2013,32.4,35.8,34.17
6/24/2013,32.43,35.84,33.3
6/25/2013,32.07,36.12,33.6
6/26/2013,32.31,36.14,33.14
6/27/2013,32.29,36.7,33.69
6/28/2013,30.52,35.38,33.65
7/1/2013,30.36,35.36,33.58
7/2/2013,30.07,35.58,33.2
7/3/2013,30.37,35.45,33.23
7/5/2013,29.92,35.5,33.42
7/8/2013,32.16,36.01,33.81
7/9/2013,32.48,36.06,34.01
7/10/2013,32.63,36.07,33.85
7/11/2013,31.91,36.09,34
7/12/2013,32.06,34.81,33.9
7/15/2013,32.21,34.88,33.49
7/16/2013,32.2,34.32,33.42
7/17/2013,32.32,34.38,33.48
7/18/2013,33.41,35.91,34.53
7/19/2013,33.45,35.92,34.51
7/22/2013,34.56,36.41,34.36
7/23/2013,34.49,34.5,34.39
7/24/2013,34.4,34.51,34.45
7/25/2013,34.49,34.6,34.3
7/26/2013,34.67,31.66,34.54
7/29/2013,33.3,32.07,34.82
7/30/2013,33.12,32.07,34.84
7/31/2013,32.7,31.8,34.76
8/1/2013,32.5,31.75,34.49
8/2/2013,31.79,31.8,34.26
8/5/2013,31.79,31.65,34.25
8/6/2013,31.14,31.62,34.25
8/7/2013,31,31.3,34.37
8/8/2013,30.13,31.39,34.4
8/9/2013,30.59,30.91,34.46
8/12/2013,31.65,30.62,33.84
8/13/2013,30.79,30.52,33.82
8/14/2013,31.17,30.25,33.9
8/15/2013,31.69,30.76,34.02
8/16/2013,29.9,30.52,33.99
8/19/2013,30.73,31.24,34.17
8/20/2013,30.64,31.14,34.03
8/21/2013,30.29,31.18,34.02
8/22/2013,31.13,31.14,34.23
8/23/2013,31.36,31.25,33.41
8/26/2013,31.49,31.32,33.45
8/27/2013,31.35,31.35,33.08
8/28/2013,27.47,31.44,33.12
8/29/2013,27.87,30.27,33.13
8/30/2013,26.6,30.34,33.16
9/3/2013,27.03,30.74,33.44
9/4/2013,26.84,30.47,31.94
9/5/2013,27.95,30.94,32.26
9/6/2013,27.21,30.95,32.31
9/9/2013,26.58,30.99,30.21
9/10/2013,26.52,29.93,30.21
9/11/2013,26.57,29.88,30.2
9/12/2013,26.49,30.01,30.17
9/13/2013,26.22,29.8,30.12
9/16/2013,26.25,29.45,30.26
9/17/2013,26.22,29.4,30.11
9/18/2013,25.31,28.98,30.13
9/19/2013,25.1,28.78,29.81
9/20/2013,24.27,27.9,29.77
9/23/2013,24.84,28.33,29.46
9/24/2013,26.68,29.06,29.38
9/25/2013,26.27,28.69,29.33
9/26/2013,25.43,28.61,28.98
9/27/2013,25.99,28.85,29.36
9/30/2013,24.91,27.97,29.19
10/1/2013,25.11,27.74,29.3
10/2/2013,25.81,27.97,29.36
10/3/2013,25.03,27.82,29.4
10/4/2013,24.5,27.76,28.99
10/7/2013,26.49,28.67,29.6
10/8/2013,27.31,29.11,29.9
10/9/2013,27.42,29.05,29.93
10/10/2013,27.33,27.23,30.01
10/11/2013,27.37,27.37,29.15
10/14/2013,26.72,26.72,29.22
10/15/2013,26.85,26.52,29.23
10/16/2013,25.2,26.42,29.03
10/17/2013,24.85,26.24,28.94
10/18/2013,24.15,25.68,28.89
10/21/2013,25.43,25.6,29
10/22/2013,26.45,26.07,28.54
10/23/2013,25.96,26.15,28.57
10/24/2013,25.76,25.86,28.45
10/25/2013,26.09,26.05,28.47
10/28/2013,28.4,27.27,28.81
10/29/2013,28.9,27.65,28.98
10/30/2013,30.94,28.13,29.31
10/31/2013,30.99,28.11,29.23
11/1/2013,30.73,28.06,28.82
11/4/2013,29.87,27.96,29
11/5/2013,29.93,27.93,29.01
11/6/2013,30.06,27.77,28.82
11/7/2013,29.06,27.39,28.79
11/8/2013,29.18,27.28,28.66
11/11/2013,28.91,26.68,28.07
11/12/2013,28.55,26.76,27.88
11/13/2013,28.64,26.93,27.96
11/14/2013,28.8,26.54,27.85
11/15/2013,27.25,26.46,27.93
11/18/2013,26.49,26.55,27.97
11/19/2013,26.79,26.77,28.12
11/20/2013,28.4,27.57,28.59
11/21/2013,28.16,27.45,27.34
11/22/2013,28.46,27.59,27.49
11/25/2013,28.42,27.19,27.01
11/26/2013,28.45,27.22,26.87
11/27/2013,29.02,26.73,27
11/29/2013,29.31,26.7,26.98
12/2/2013,28.1,26.43,26.64
12/3/2013,26.91,26.4,26.19
12/4/2013,26.91,26.39,26.16
12/5/2013,29.38,27.5,27.07
12/6/2013,29.03,27.47,26.89
12/9/2013,26.92,27.86,27.14
12/10/2013,25.69,27.86,27.08
12/11/2013,24.73,28.12,27.3
12/12/2013,24.33,28.27,27.06
12/13/2013,23.79,28.36,27.13
12/16/2013,23.5,28.12,27.04
12/17/2013,23.56,27.17,26.79
12/18/2013,24.02,27.28,26.8
12/19/2013,27,28.84,27.78
12/20/2013,27.49,28.61,27.66
12/23/2013,27.48,28.53,27.51
12/24/2013,27.98,28.61,27.28
12/26/2013,27.23,28.22,27.24
12/27/2013,27.5,28.09,27.28
12/30/2013,27.39,28.08,27.03
12/31/2013,31.1,29.19,28.05
1/2/2014,30.64,29.11,28.23
1/3/2014,29.71,29.02,28.24
1/6/2014,29.74,28.96,28.21
1/7/2014,29.55,28.86,28.14
1/8/2014,30.41,29.15,28.3
1/9/2014,34.55,31.14,29.48
1/10/2014,34.23,31.2,29.53
1/13/2014,37.39,33.02,30.36
1/14/2014,37.8,33.28,30.44
1/15/2014,37.97,32.84,30.34
1/16/2014,38.03,32.41,30.37
1/17/2014,36.33,32.55,30.46
1/21/2014,36.88,32.84,30.54
1/22/2014,39.59,34.5,31.89
1/23/2014,39.61,33.33,31.82
1/24/2014,47.22,37.52,35.24
1/27/2014,51.88,40.08,37.19
1/28/2014,52.61,40.52,37.66
1/29/2014,59.18,44.64,40.99
1/30/2014,68.09,50.08,44.72
1/31/2014,68.2,50.26,44.42
2/3/2014,66.99,50.34,44.46
2/4/2014,71.85,53.46,46.91
2/5/2014,75.09,55.63,48.32
2/6/2014,75.31,55.89,48.45
2/7/2014,76.08,56.43,48.8
2/10/2014,77.21,57.14,49.27
2/11/2014,78.69,58,49.91
2/12/2014,77.26,57.97,49.91
2/13/2014,80.37,59.97,51.32
2/14/2014,80.34,59.79,51.22
2/18/2014,82.04,60.7,52.14
2/19/2014,86.59,63.91,54.74
2/20/2014,86.42,64.06,54.82
2/21/2014,84.12,64.06,54.82
2/24/2014,93.21,69.42,58.78
2/25/2014,94.94,70.99,59.97
2/26/2014,96.18,71.81,60.62
2/27/2014,98.86,73.6,62.01
2/28/2014,98.98,73.7,61.91
3/3/2014,99.23,73.93,61.93
3/4/2014,99.63,73.83,62.21
3/5/2014,98.61,74.15,62.49
3/6/2014,99.02,74.18,62.59
3/7/2014,94.86,74.22,62.23
3/10/2014,92.87,74.08,62.1
3/11/2014,92.1,74.05,61.9
3/12/2014,86.67,74.19,62.04
3/13/2014,81.61,74.28,62.1
3/14/2014,81.67,74.31,61.99
3/17/2014,82.1,74.46,62.1
3/18/2014,76.81,73.88,62.19
3/19/2014,74.6,73.86,62.19
3/20/2014,74.74,74.03,62.37
3/21/2014,74.29,74.05,62.42
3/24/2014,73.36,74.06,62.42
3/25/2014,72.17,74.35,62.56
3/26/2014,72.16,74.35,62.55
3/27/2014,68.84,74.18,62.85
3/28/2014,69.03,74.22,62.94
3/31/2014,65.97,74.42,63.04
4/1/2014,56.44,74.56,62.95
4/2/2014,57.29,74.69,63.03
4/3/2014,57.86,74.73,63.08
4/4/2014,47.1,73.91,63.1
4/7/2014,43.55,73.89,63.1
4/8/2014,41.63,73.12,63.05
4/9/2014,35.47,73.02,63.03
4/10/2014,35.16,73.04,63.06
4/11/2014,34.32,73.01,63.08
4/14/2014,32.54,73.02,63.12
4/15/2014,31.14,72.85,62.72
4/16/2014,29.8,71.88,62.74
4/17/2014,32.75,72.5,63.02
4/18/2014,32.75,72.5,63.02
4/21/2014,32.83,69.86,63.05
4/22/2014,32.77,68.49,62.95
4/23/2014,31.76,68,62.89
4/24/2014,30.82,64.56,62.86
4/25/2014,31.05,60.92,62.83
4/28/2014,31.57,61.25,63.04
4/29/2014,31,61.25,63.03
4/30/2014,31.03,58.03,62.51
5/1/2014,30.58,56.52,62.59
5/2/2014,30.44,56.41,62.6
5/5/2014,30.24,56.02,62.57
5/6/2014,29.66,55.52,62.69
5/7/2014,29.98,54.49,62.72
5/8/2014,29.75,55,63.03
5/9/2014,29.12,52.25,62.55
5/12/2014,28.8,52.4,62.57
5/13/2014,28.49,50.59,62.63
5/14/2014,27.84,45.23,62.64
5/15/2014,27.76,45.59,62.76
5/16/2014,27.95,45.48,62.7
5/19/2014,28.11,38.6,62.09
5/20/2014,28.38,36.45,62.13
5/21/2014,28.63,35.23,61.56
5/22/2014,29.14,32.15,61.61
5/23/2014,29.34,31.89,61.61
5/27/2014,29.97,31.8,61.69
5/28/2014,30.92,31.21,61.79
5/29/2014,31.08,30.62,61.7
5/30/2014,27.73,29.94,60.94
6/2/2014,28.07,30.06,60.98
6/3/2014,27.94,30.03,58.89
6/4/2014,27.96,29.96,57.79
6/5/2014,28.21,29.58,57.47
6/6/2014,27.96,29.1,54.82
6/9/2014,26.56,29.22,51.98
6/10/2014,27.36,29.26,52.1
6/11/2014,27.37,29.03,52.09
6/12/2014,31.69,31.2,50.52
6/13/2014,31.58,30.69,49.26
6/16/2014,31.65,30.59,49.16
6/17/2014,30.81,30.51,48.86
6/18/2014,30.76,29.96,48.36
6/19/2014,29.16,30.17,47.59
6/20/2014,29.25,29.05,47.63
6/23/2014,29.08,28.96,45.64
6/24/2014,29.14,28.73,45.79
6/25/2014,29.15,28.33,44.44
6/26/2014,30.22,28.97,40.94
6/27/2014,30,28.52,40.92
6/30/2014,29.96,28.59,40.92
7/1/2014,29.42,28.54,35.69
7/2/2014,29.7,28.78,34.12
7/3/2014,28.87,28.77,33.22
7/7/2014,31.33,29.85,31.59
7/8/2014,30.45,29.83,31.36
7/9/2014,29.28,29.76,31.09
7/10/2014,29.25,29.84,30.41
7/11/2014,29.4,29.85,29.99
7/14/2014,28.86,28.12,29.5
7/15/2014,28.88,28.16,29.52
7/16/2014,28.95,28.1,29.51
7/17/2014,30.45,29.24,30.24
7/18/2014,30.4,29.24,29.97
7/21/2014,30.91,29.58,30.01
7/22/2014,30.67,28.85,30.12
7/23/2014,30.68,28.75,29.77
7/24/2014,25.84,29.29,29.94
7/25/2014,26,29.22,30.02
7/28/2014,26,29.22,29.76
7/29/2014,26.88,29.48,29.85
7/30/2014,26.86,28.92,29.83
7/31/2014,27.46,29.12,29.43
8/1/2014,27.45,28.33,29.48
8/4/2014,27.54,28.42,28.63
8/5/2014,27.26,28.41,28.59
8/6/2014,27.47,28.33,28.34
8/7/2014,26.13,28.44,28.21
8/8/2014,27.24,28.4,28.25
8/11/2014,26.86,28.31,27.92
8/12/2014,26.92,28.15,27.91
8/13/2014,28.14,28.74,28.5
8/14/2014,28.67,28.94,28.62
8/15/2014,27.76,29.28,29.05
8/18/2014,27.87,29.19,28.92
8/19/2014,28.86,29.18,29.21
8/20/2014,28.93,28.67,29.22
8/21/2014,29.42,28.91,29.4
8/22/2014,29.57,28.98,29.44
8/25/2014,30.54,29.32,28.66
8/26/2014,30.5,29.3,28.64
8/27/2014,28.22,29.44,28.68
8/28/2014,28.96,29.7,28.96
8/29/2014,27.74,29.73,28.98
9/2/2014,30.3,30.9,29.82
9/3/2014,30.5,30.59,29.29
9/4/2014,29.84,30.6,29.25
9/5/2014,29.45,28.03,29.26
9/8/2014,29.99,28.53,29.4
9/9/2014,30.7,29.25,29.8
9/10/2014,30.74,29.26,29.81
9/11/2014,32.2,29.92,29.97
9/12/2014,32.12,29.9,29.99
9/15/2014,32.5,30.19,29.63
9/16/2014,32.49,30.23,29.76
9/17/2014,32.41,29.9,29.57
9/18/2014,33.08,30.29,29.74
9/19/2014,32.86,29.74,29.89
9/22/2014,32.88,29.75,29.6
9/23/2014,32.94,29.63,29.57
9/24/2014,31.95,30.18,29.8
9/25/2014,31.75,30.09,29.75
9/26/2014,29.9,29.98,29.63
9/29/2014,32.2,30.1,30.23
9/30/2014,31.81,30.12,30.19
10/1/2014,32.42,30.49,30.18
10/2/2014,32.87,30.76,30.06
10/3/2014,33.54,31.27,30.39
10/6/2014,34.53,32.12,30.95
10/7/2014,34.77,32.21,30.94
10/8/2014,35.46,32.62,31.21
10/9/2014,34.76,31.5,31.2
10/10/2014,34.74,31.51,31.1
10/13/2014,32.49,31.18,31.23
10/14/2014,33.26,31.37,31.43
10/15/2014,33.21,31.38,31.18
10/16/2014,33.15,31.02,31.18
10/17/2014,32.53,30.85,29.61
10/20/2014,32.11,31.27,29.87
10/21/2014,32.34,31.17,29.96
10/22/2014,31.08,31.28,30.02
10/23/2014,31.01,31.18,30.01
10/24/2014,30.32,31.1,29.93
10/27/2014,30.03,31.21,29.99
10/28/2014,31.12,31.46,30.22
10/29/2014,31.15,31.74,30.25
10/30/2014,31.75,32.11,30.62
10/31/2014,31.94,31.87,30.2
11/3/2014,34.34,33.18,31.17
11/4/2014,34.11,33.45,31.3
11/5/2014,34.12,32.62,31.43
11/6/2014,36.91,33.91,32.32
11/7/2014,34.94,33.03,32.27
11/10/2014,36.68,34.02,32.06
11/11/2014,35.86,33.75,32.05
11/12/2014,35.41,33.77,32.12
11/13/2014,37.95,35.35,33.23
11/14/2014,36.49,35.3,33.26
11/17/2014,42.83,38.43,35.78
11/18/2014,42.62,38.73,35.94
11/19/2014,43.28,39.12,36.27
11/20/2014,43.79,39.25,35.82
11/21/2014,46.78,40.77,36.92
11/24/2014,46.86,40.09,36.94
11/25/2014,47.55,40.49,37.12
11/26/2014,47.67,40.57,37.21
11/28/2014,51.74,42.8,38.65
12/1/2014,51.47,42.81,38.69
12/2/2014,52.56,43.01,39.1
12/3/2014,52.68,43.14,39.13
12/4/2014,54.16,43.45,39.77
12/5/2014,55.52,44.29,40.32
12/8/2014,57.91,45.61,41.39
12/9/2014,57.63,45.6,41.45
12/10/2014,57.43,45.71,41.43
12/11/2014,57.11,45.58,41.53
12/12/2014,58.57,46.37,42.14
12/15/2014,57.18,46.55,42.1
12/16/2014,57.16,46.85,42.34
12/17/2014,57.43,46.81,42.53
12/18/2014,55.1,46.79,42.16
12/19/2014,56.54,47.88,42.86
12/22/2014,61.98,50.9,45.55
12/23/2014,62.19,50.97,45.57
12/24/2014,63.08,51.54,45.97
12/26/2014,61.86,51.4,45.94
12/29/2014,64.93,52.69,47.01
12/30/2014,59.64,52.56,47.22
12/31/2014,61.96,54.12,48.31
1/2/2015,62.61,54.71,48.84
1/5/2015,61.92,55.25,49.21
1/6/2015,61.73,55.46,49.17
1/7/2015,61.65,55.43,49.26
1/8/2015,60.97,55.49,48.92
1/9/2015,60.57,55.54,48.93
1/12/2015,59.84,56.45,49.66
1/13/2015,62.84,57.69,50.54
1/14/2015,69.74,61.06,53.03
1/15/2015,69.84,61.15,52.9
1/16/2015,68.99,61.13,52.91
1/20/2015,72.93,64.4,55.19
1/21/2015,73.6,65.37,55.89
1/22/2015,74.27,65.97,56.28
1/23/2015,76.17,66.75,56.98
1/26/2015,76.56,66.88,57.23
1/27/2015,76.04,67.06,57.46
1/28/2015,76.53,67.37,57.74
1/29/2015,77.46,67.27,58.34
1/30/2015,76.8,67.03,58.34
2/2/2015,76.81,66.86,58.13
2/3/2015,76.61,66.19,58.29
2/4/2015,71.99,66.38,58.49
2/5/2015,72.04,66.19,58.03
2/6/2015,71.05,66.18,58.03
2/9/2015,71.14,66.24,57.98
2/10/2015,69.26,66.08,58.2
2/11/2015,70.4,66.84,58.54
2/12/2015,68.01,64.62,58.47
2/13/2015,67.71,65.11,58.72
2/17/2015,66.79,64.67,58.63
2/18/2015,67.01,64.65,58.85
2/19/2015,66.67,64.01,58.84
2/20/2015,67.55,64.62,59.24
2/23/2015,67.92,64.25,59.23
2/24/2015,66.03,64.13,59.26
2/25/2015,64.16,63,59.26
2/26/2015,60.45,64.38,60.37
2/27/2015,60.49,64.26,60.32
3/2/2015,60.52,64.23,60.29
3/3/2015,53.02,63.8,60.28
3/4/2015,51.14,63.28,60.41
3/5/2015,49.8,62.67,60.6
3/6/2015,47.13,62.54,60.55
3/9/2015,49.09,63.42,61.11
3/10/2015,48.29,63.57,61.1
3/11/2015,48.1,63.26,61.21
3/12/2015,46.41,63.44,61.35
3/13/2015,46.31,63.27,60.79
3/16/2015,46.31,62.99,60.64
3/17/2015,47.99,64,61.26
3/18/2015,47.11,63.47,60.75
3/19/2015,48.01,60.69,61
3/20/2015,48.05,60.67,60.76
3/23/2015,48.47,60.07,60.81
3/24/2015,47.97,60.22,60.93
3/25/2015,46.62,59,60.48
3/26/2015,46.07,58.81,60.48
3/27/2015,45.74,57.43,58.98
3/30/2015,46.06,56.98,59.08
3/31/2015,45.28,56.37,58.78
4/1/2015,45.38,56.25,58.52
4/2/2015,45.4,56.77,58.54
4/6/2015,45.35,56.8,58.51
4/7/2015,45.43,56.83,58.24
4/8/2015,45.83,55.98,58.19
4/9/2015,42.12,55.28,57.57
4/10/2015,41.84,51.29,57.51
4/13/2015,41.73,51.14,57.31
4/14/2015,41.78,51.18,57.3
4/15/2015,42.42,47.41,57.26
4/16/2015,42.56,46.6,57
4/17/2015,42.86,45.7,56.34
4/20/2015,40.77,44.9,56.55
4/21/2015,40.56,44.49,56.56
4/22/2015,39.33,43.93,56.56
4/23/2015,39.12,43.59,56.13
4/24/2015,39.13,42.24,56.07
4/27/2015,39.34,42.31,55.97
4/28/2015,36.07,42.39,55.84
4/29/2015,37.08,42.64,56.19
4/30/2015,39.47,43.58,56.48
5/1/2015,39.48,43.31,54.1
5/4/2015,39.31,43.38,54.16
5/5/2015,39.16,43.49,53.67
5/6/2015,38.53,43.04,53.66
5/7/2015,38.37,42.16,52.71
5/8/2015,39.99,43.07,53.27
5/11/2015,40.68,42.93,52.17
5/12/2015,41.72,43.35,52.06
5/13/2015,41.5,43.1,51.63
5/14/2015,40.45,43.39,51.7
5/15/2015,39.58,42.57,51.54
5/18/2015,39.56,42.24,51.44
5/19/2015,39.43,42.45,51.56
5/20/2015,37.82,42.51,50.79
5/21/2015,37.69,39.81,50.05
5/22/2015,38.51,40,47.47
5/26/2015,39.37,40.2,47.46
5/27/2015,38.48,40.2,47.44
5/28/2015,39.63,40.83,44.8
5/29/2015,39.89,40.74,44.14
6/1/2015,38.11,40.75,43.41
6/2/2015,38.22,39.07,42.57
6/3/2015,38.83,39.16,42.34
6/4/2015,37.76,38.49,41.9
6/5/2015,38.03,38.01,41.44
6/8/2015,39.7,39.13,41.17
6/9/2015,42.18,40.55,42.03
6/10/2015,41.27,39.31,42.1
6/11/2015,38.9,39.32,42.05
6/12/2015,39.68,38.94,41.9
6/15/2015,42.13,40.26,42.52
6/16/2015,41.85,40.03,42.49
6/17/2015,42.09,39.96,42.55
6/18/2015,42.69,40.09,42.53
6/19/2015,39.86,39.98,41.93
6/22/2015,40.02,39.94,41.91
6/23/2015,38.59,39.72,41.53
6/24/2015,38.55,39.79,41.49
6/25/2015,39.13,40.22,41.63
6/26/2015,39.83,39.79,41.89
6/29/2015,40.06,39.53,41.35
6/30/2015,39.8,39.51,41.17
7/1/2015,39.99,39.37,41.25
7/2/2015,40.06,38.68,41.32
7/3/2015,40.06,38.68,41.32
7/6/2015,40.18,39.01,39.72
7/7/2015,39.85,39.16,39.73
7/8/2015,39.97,39.23,39.71
7/9/2015,38.48,38.82,39.79
7/10/2015,38.01,38.53,39.72
7/13/2015,39.18,38.91,39.89
7/14/2015,39.01,38.05,39.92
7/15/2015,38.87,38.32,38.88
7/16/2015,39.59,38.6,38.94
7/17/2015,39.25,38.04,38.54
7/20/2015,37.67,38.24,38.24
7/21/2015,34.99,38.24,38.39
7/22/2015,34.7,38.2,38.39
7/23/2015,35.06,38.1,37.76
7/24/2015,34.37,36.53,37.63
7/27/2015,30.88,36.49,37.1
7/28/2015,31.1,36.41,37.11
7/29/2015,31.62,36.58,37.16
7/30/2015,33.03,37.65,37.71
7/31/2015,33.2,37.72,37.65
8/3/2015,32.18,36.14,37.56
8/4/2015,32.89,36.03,37.36
8/5/2015,32.75,35.33,37.22
8/6/2015,31.27,35.23,37.22
8/7/2015,30.18,34.83,37.16
8/10/2015,30.35,35,36.61
8/11/2015,30.22,35,36.37
8/12/2015,30.99,35.34,36.67
8/13/2015,34.44,36.81,37.49
8/14/2015,33.71,36.74,36.98
8/17/2015,34.38,36.89,37.25
8/18/2015,34.31,36.63,37.29
8/19/2015,34.02,36.65,37.28
8/20/2015,33.95,35.82,36.98
8/21/2015,33.36,35.99,37.02
8/24/2015,33.39,36.05,36.92
8/25/2015,32.49,35.94,36.39
8/26/2015,31.97,35.58,36.31
8/27/2015,32.36,35.85,36.43
8/28/2015,33.41,36.22,36.4
8/31/2015,32.78,35.12,36.44
9/1/2015,32.78,33.41,36.33
9/2/2015,32.26,33.47,36.47
9/3/2015,33.3,33.73,36.31
9/4/2015,34.11,33.7,35.39
9/8/2015,34.54,32.3,35.53
9/9/2015,34.23,32.59,35.61
9/10/2015,32.3,32.61,35.59
9/11/2015,31.85,32.12,35.6
9/14/2015,32.47,32.39,35.74
9/15/2015,31.83,31.85,34.64
9/16/2015,32.63,32.29,34.59
9/17/2015,32.56,32.18,34.09
9/18/2015,32.89,31.59,34.13
9/21/2015,32.53,31.19,33.88
9/22/2015,32.54,31.08,33.88
9/23/2015,30.84,30.99,33.88
9/24/2015,27.58,30.88,33.76
9/25/2015,27.58,30.76,33.76
9/28/2015,26.62,30.4,33.68
9/29/2015,26.73,30.34,33.56
9/30/2015,27.51,30.66,33.59
10/1/2015,28.82,31.35,34.13
10/2/2015,27.97,31.19,33.53
10/5/2015,27.9,30.26,33.29
10/6/2015,27.67,30.31,33.32
10/7/2015,27.65,29.67,33.16
10/8/2015,27.33,29.49,32.97
10/9/2015,25.66,29.45,32.97
10/12/2015,26,29.47,32.97
10/13/2015,26.18,29.19,32.18
10/14/2015,25.79,29.23,30.96
10/15/2015,25,29.15,31.1
10/16/2015,24.1,29.08,30.92
10/19/2015,23.12,29.08,30.63
10/20/2015,22.95,29.13,29.47
10/21/2015,23.89,29.19,29.84
10/22/2015,23.8,28.02,29.79
10/23/2015,24.86,29.08,30.29
10/26/2015,38.16,35.72,34.73
10/27/2015,38.5,35.46,34.56
10/28/2015,38.94,35.81,34.83
10/29/2015,51.59,42.56,39.33
10/30/2015,52.46,43.07,39.22
11/2/2015,52.95,43.21,39.24
11/3/2015,52.96,43.2,39.17
11/4/2015,52.87,42.62,39.13
11/5/2015,54.81,42.66,39.85
11/6/2015,54.83,42.65,39.76
11/9/2015,55.32,42.76,39.89
11/10/2015,55.08,42.8,39.87
11/11/2015,54.51,43.03,40.03
11/12/2015,54.43,42.87,39.92
11/13/2015,56.19,43.63,40.57
11/16/2015,56.22,43.67,40.17
11/17/2015,56.23,43.57,40.16
11/18/2015,56.18,43.58,39.86
11/19/2015,56.81,43.83,40.01
11/20/2015,58.97,44.89,41.14
11/23/2015,59.84,45.43,41.47
11/24/2015,59.72,45.4,41.27
11/25/2015,59.38,45.28,41.26
11/27/2015,59.38,44.79,41.03
11/30/2015,59.47,44.62,41.04
12/1/2015,59.25,44.34,41.03
12/2/2015,59.27,44.52,41.22
12/3/2015,59.34,44.46,41.02
12/4/2015,58.06,44.45,40.48
12/7/2015,51.78,45.39,41.41
12/8/2015,51.59,45.39,41.34
12/9/2015,50.86,45.18,41.09
12/10/2015,39.76,45.35,41.22
12/11/2015,38.58,45.3,41.22
12/14/2015,40.23,46.24,41.95
12/15/2015,41.37,46.75,42.21
12/16/2015,41.33,46.81,42.26
12/17/2015,38.14,46.79,41.88
12/18/2015,38.28,46.87,41.22
12/21/2015,46,50.11,43.59
12/22/2015,45.79,50.05,43.44
12/23/2015,48.41,51.16,44.37
12/24/2015,49.1,50.99,44.58
12/28/2015,55.43,54.84,47.47
12/29/2015,58.63,56.48,48.52
12/30/2015,62.14,58.24,49.86
12/31/2015,64.33,59.4,50.71
1/4/2016,63.63,59.36,50.71
1/5/2016,60.87,59.36,50.6
1/6/2016,60.83,59.49,50.49
1/7/2016,62.51,60.39,51.24
1/8/2016,63.35,60.89,51.65
1/11/2016,64.22,60.99,51.8
1/12/2016,66.83,62.23,52.5
1/13/2016,66.84,62.23,52.35
1/14/2016,68.61,63.31,53.11
1/15/2016,68.77,63.14,53.07
1/19/2016,68.77,63.13,53.01
1/20/2016,66.77,62.61,53.07
1/21/2016,66.82,58.74,52.91
1/22/2016,66.8,58.67,52.9
1/25/2016,66.4,58.36,52.79
1/26/2016,66.28,54.06,52.83
1/27/2016,64.24,53.73,52.78
1/28/2016,62.86,53.41,52.74
1/29/2016,63.84,54.53,53.53
2/1/2016,67.13,56.25,54.65
2/2/2016,70.14,56.8,55.54
2/3/2016,66.33,56.82,55.54
2/4/2016,67.03,56.88,55.78
2/5/2016,66.78,57.71,56.35
2/8/2016,67.32,58.06,56.62
2/9/2016,61.26,58.2,56.38
2/10/2016,58.21,57.61,56.5
2/11/2016,55.17,57.75,56.65
2/12/2016,52.25,57.79,56.65
2/15/2016,52.25,57.79,56.65
2/16/2016,52.83,58.1,56.88
2/17/2016,53.45,58.02,56.98
2/18/2016,54.59,57.56,57.48
2/19/2016,51.96,57.35,57.54
2/22/2016,50.29,57.41,57.55
2/23/2016,50,57.52,57.6
2/24/2016,47.62,57.51,57.47
2/25/2016,48.26,57.88,57.77
2/26/2016,48.52,58.84,58.37
2/29/2016,49.83,59.24,58.74
3/1/2016,50.39,59.37,58.69
3/2/2016,50.86,59.77,58.97
3/3/2016,50.77,58.9,58.69
3/4/2016,51.27,59.05,56.21
3/7/2016,51.47,59.17,56.21
3/8/2016,51.57,59.11,56.08
3/9/2016,52.3,59.32,53.17
3/10/2016,52.96,58.63,53.05
3/11/2016,50.43,58.21,53
3/14/2016,47.17,58.09,53
3/15/2016,44.43,58.04,53.1
3/16/2016,44.49,58.06,52.53
3/17/2016,44.96,56.17,52.93
3/18/2016,42.83,56.2,52.75
3/21/2016,42.62,55.91,53.16
3/22/2016,42.98,55.84,53.15
3/23/2016,43.72,52.53,53.5
3/24/2016,43.33,50.64,52.92
3/28/2016,43.9,49.06,53.06
3/29/2016,43.83,48.03,53.34
3/30/2016,45.74,49.22,54.01
3/31/2016,43.67,49.33,53.86
4/1/2016,42.81,49.1,52.93
4/4/2016,43.13,48.11,52.8
4/5/2016,43.16,47.5,52.92
4/6/2016,43.8,47.31,53.04
4/7/2016,44.58,47.34,53.89
4/8/2016,43.16,47.38,53.9
4/11/2016,42.58,46.52,54.31
4/12/2016,44.33,47.49,54.71
4/13/2016,42.44,47.61,54.77
4/14/2016,43.16,48.01,55.04
4/15/2016,44.77,48.47,54.54
4/18/2016,44.91,48.69,54.66
4/19/2016,49.38,51.14,56.11
4/20/2016,49.33,51.12,55.99
4/21/2016,49.16,51.11,55.94
4/22/2016,49.77,51.64,55.57
4/25/2016,51.32,50.97,55.52
4/26/2016,51.47,49.21,55.5
4/27/2016,51.84,47.68,55.48
4/28/2016,52.16,48.43,55.88
4/29/2016,53.52,48.88,54.86
5/2/2016,55.69,49.91,55.96
5/3/2016,55.75,49.51,55.46
5/4/2016,54.59,49.64,55.49
5/5/2016,55.69,49.79,53.37
5/6/2016,55.46,49.53,52.28
5/9/2016,54.94,49.43,50.96
5/10/2016,53.77,49.22,50.33
5/11/2016,53.37,49.08,50.35
5/12/2016,53.47,47.99,50.36
5/13/2016,53.96,48.03,50.4
5/16/2016,54.46,48.57,49.92
5/17/2016,54.01,48.33,49.51
5/18/2016,52.03,48.62,49.39
5/19/2016,52.15,47.97,48.49
5/20/2016,50.66,47.13,48.53
5/23/2016,48.78,46.02,47.48
5/24/2016,49.84,46.67,47.8
5/25/2016,48.87,45.9,47.81
5/26/2016,47.86,45.71,47.81
5/27/2016,56.06,49.96,50.79
5/30/2016,56.06,49.96,50.79
5/31/2016,54.03,50.97,51.6
6/1/2016,54.97,51.46,52.01
6/2/2016,54.97,51.34,52.01
6/3/2016,54.27,51.26,52.01
6/6/2016,53.22,51.41,52.21
6/7/2016,52.82,51.39,51.48
6/8/2016,52.33,51.35,50.19
6/9/2016,53.65,52.57,49.95
6/10/2016,53.03,52.53,50.15
6/13/2016,48.4,52.37,49.8
6/14/2016,48.23,51.38,49.27
6/15/2016,47.99,51.34,48.93
6/16/2016,46.74,50.57,48.8
6/17/2016,46.8,50.61,48.63
6/20/2016,48.1,51.19,48.93
6/21/2016,47.74,50.96,48.84
6/22/2016,49.37,50.85,48.86
6/23/2016,49.14,50.6,48.78
6/24/2016,48.36,50.74,48.07
6/27/2016,46.78,50.72,47.86
6/28/2016,50.26,52.24,49.2
6/29/2016,49.98,52.15,49.15
6/30/2016,50.01,51.25,49.21
7/1/2016,50.08,51.16,48.69
7/5/2016,56.78,53.27,50.27
7/6/2016,54.86,52.56,49.51
7/7/2016,55.02,52.54,49.48
7/8/2016,54.43,51.91,48.93
7/11/2016,49.08,51.94,49.2
7/12/2016,47,51.87,49.17
7/13/2016,45.84,49.82,49.16
7/14/2016,45.88,49.77,49.16
7/15/2016,45.86,49.77,49.07
7/18/2016,45.56,49.5,49.09
7/19/2016,45.56,48.73,49.03
7/20/2016,46.38,48.98,49.3
7/21/2016,43.15,48.76,49.27
7/22/2016,43.37,48.49,49.48
7/25/2016,43.47,47.75,49.25
7/26/2016,43.67,45.62,49.22
7/27/2016,43.92,45.66,48.68
7/28/2016,48.78,47.66,50
7/29/2016,48.62,47.05,49.46
8/1/2016,48.18,47.87,49.99
8/2/2016,48.31,48.02,49.99
8/3/2016,48.52,48.28,50.14
8/4/2016,48.49,48.29,49.59
8/5/2016,48.81,48.54,49.64
8/8/2016,48.55,48.14,49.68
8/9/2016,45.55,48.86,50.42
8/10/2016,45.62,49.14,50.4
8/11/2016,44.96,48.83,50.22
8/12/2016,44.6,48.77,49.47
8/15/2016,38.52,48.75,49.38
8/16/2016,38.59,48.74,48.84
8/17/2016,38.59,47.94,48.26
8/18/2016,39.07,48.06,48.3
8/19/2016,38.94,48.59,48.33
8/22/2016,40.36,44.69,48.2
8/23/2016,41.41,43.78,48.34
8/24/2016,41.55,43.13,46.85
8/25/2016,41.76,43.21,46.86
8/26/2016,41.6,43.21,46.86
8/29/2016,41.67,42.93,46.59
8/30/2016,40.94,43,46.13
8/31/2016,41.21,43.16,46.12
9/1/2016,41.57,42.13,46.4
9/2/2016,41.43,41.8,45.96
9/5/2016,41.43,41.8,45.96
9/6/2016,42.08,42.17,45.63
9/7/2016,42.09,42.28,44.25
9/8/2016,38.61,43.41,44.79
9/9/2016,38.61,43.39,44.63
9/12/2016,38.92,44.08,44.72
9/13/2016,38.65,43.06,44.71
9/14/2016,37.08,43.07,44.73
9/15/2016,37.26,42.51,44.56
9/16/2016,36.59,42.51,44.56
9/19/2016,36.5,42.41,44.54
9/20/2016,34.28,42.92,44.59
9/21/2016,33.32,40.28,44.14
9/22/2016,34.26,40.36,44.37
9/23/2016,34.55,40.21,44.2
9/26/2016,34.65,40.06,44.16
9/27/2016,34.64,36.47,44.15
9/28/2016,35.12,36.6,44.25
9/29/2016,34.74,36.59,43.68
9/30/2016,33.42,36.77,43.85
10/3/2016,31.92,35.95,43.73
10/4/2016,30.99,35.98,40.54
10/5/2016,31.63,36.34,39.8
10/6/2016,31.29,36.32,39.3
10/7/2016,33.9,37.45,39.97
10/10/2016,34.35,37.62,40.14
10/11/2016,34.46,37.74,39.99
10/12/2016,34.29,37.32,40.04
10/13/2016,33.96,38.06,40.53
10/14/2016,34.61,37.84,39.53
10/17/2016,33.58,37.87,39.36
10/18/2016,32.93,37.73,39.34
10/19/2016,32.11,38.14,39.69
10/20/2016,32.29,35.2,39.73
10/21/2016,33.78,36.72,40.63
10/24/2016,37.79,37.76,41.71
10/25/2016,38.2,37.9,41.12
10/26/2016,38.16,37.16,41.19
10/27/2016,38.3,37.26,40.83
10/28/2016,52.2,44.31,45.38
10/31/2016,51.61,44.64,45.55
11/1/2016,53.07,44.27,46.03
11/2/2016,53.88,44.83,44.86
11/3/2016,53.84,44.86,44.77
11/4/2016,53.6,44.79,44.62
11/7/2016,53.94,44.92,44.57
11/8/2016,57.26,47.12,44.07
11/9/2016,57.74,47.34,44.21
11/10/2016,57.84,47.36,44.36
11/11/2016,57.77,46.81,44.34
11/14/2016,59.65,47.31,44.7
11/15/2016,59.09,46.98,44.73
11/16/2016,59.5,47.1,44.86
11/17/2016,57.72,47.17,45.02
11/18/2016,59.44,48.35,45.81
11/21/2016,60.69,48.95,46.18
11/22/2016,60.81,48.95,46.21
11/23/2016,59.63,48.85,46.03
11/24/2016,59.63,48.85,46.03
11/25/2016,59.85,48.45,46.09
11/28/2016,61.49,49.35,46.46
11/29/2016,61.95,49.17,46.58
11/30/2016,61.33,49.03,46.53
12/1/2016,62.53,48.92,46.99
12/2/2016,60.9,49.15,45.59
12/5/2016,60.21,50.03,46.71
12/6/2016,59.69,50.05,46.22
12/7/2016,59.47,50.07,46.17
12/8/2016,59.65,50.23,45.94
12/9/2016,49.76,50.27,45.97
12/12/2016,53.48,52.35,47.27
12/13/2016,51.69,51.88,47.27
12/14/2016,49.9,52,46.48
12/15/2016,51,52.2,46.65
12/16/2016,51.1,52.14,46.66
12/19/2016,51.16,52.12,46.66
12/20/2016,47.97,52.82,47.2
12/21/2016,52.81,55.33,49.1
12/22/2016,52.03,55.34,49.11
12/23/2016,52.3,55.54,49.31
12/26/2016,52.3,55.54,49.31
12/27/2016,51.27,55.74,49.03
12/28/2016,51.57,56.33,49.19
12/29/2016,53.3,56.7,49.4
12/30/2016,53.21,56.94,49.55
1/2/2017,53.21,56.94,49.55
1/3/2017,63.44,61.2,53.3
1/4/2017,63.04,61.09,53.39
1/5/2017,63,61.04,53.37
1/6/2017,62.9,61.02,53.34
1/9/2017,65.16,61.59,54.17
1/10/2017,65.75,62.61,54.62
1/11/2017,65.48,62.65,54.71
1/12/2017,67.09,63.49,55.07
1/13/2017,65.75,63.2,55
1/16/2017,65.75,63.2,55
1/17/2017,65.49,63.16,54.46
1/18/2017,63.28,62.7,54.78
1/19/2017,63.66,61.6,54.44
1/20/2017,65.2,62.41,55.15
1/23/2017,64.77,62.32,55.16
1/24/2017,64.71,62.31,55.15
1/25/2017,62.09,57.5,55.2
1/26/2017,62.24,57.28,55.24
1/27/2017,61.95,56.51,54.88
1/30/2017,62.93,56.85,55.52
1/31/2017,63.75,57.39,55.75
2/1/2017,64,57.46,55.77
2/2/2017,63.04,57.37,55.73
2/3/2017,58.56,56.16,56.16
2/6/2017,58.54,56.04,56.1
2/7/2017,58.06,56.02,56.27
2/8/2017,57.22,56,56.18
2/9/2017,55.19,55.15,56.18
2/10/2017,55.26,55.59,56.45
2/13/2017,55.53,55.85,56.52
2/14/2017,45.15,55.71,56.56
2/15/2017,45.08,54.73,56
2/16/2017,45.46,54.41,55.95
2/17/2017,45.39,54.38,55.93
2/20/2017,45.39,54.38,55.93
2/21/2017,51.41,58.12,58.41
2/22/2017,48.11,58,57.99
2/23/2017,48.32,57.1,57.98
2/24/2017,45.23,56.79,57.96
2/27/2017,46.02,57.02,58.13
2/28/2017,47.37,56.54,58.2
3/1/2017,46.92,56.5,58.21
3/2/2017,46.32,54.78,57.64
3/3/2017,44.47,54.85,56.87
3/6/2017,45.13,55.2,56.93
3/7/2017,45.4,55.06,57.06
3/8/2017,45.98,55.32,57.21
3/9/2017,46.47,54.06,53.77
3/10/2017,46.67,54.12,53.63
3/13/2017,44.84,54.02,53.17
3/14/2017,44.76,54.13,53.1
3/15/2017,44.7,54.25,53.13
3/16/2017,45.22,54.49,53.34
3/17/2017,44.11,54.07,53.33
3/20/2017,45.14,51.53,52.27
3/21/2017,44.74,51.69,52.23
3/22/2017,45.44,51.34,52.3
3/23/2017,45.61,51.06,52.33
3/24/2017,44.47,50.11,51.72
3/27/2017,43.54,49.74,51.67
3/28/2017,43.46,49.74,51.61
3/29/2017,43.99,44.24,51.61
3/30/2017,43.16,44.1,50.92
3/31/2017,43.05,44.1,50.55
4/3/2017,29.61,44.27,50.64
4/4/2017,32.47,43.96,51.33
4/5/2017,32.84,42.46,51.25
4/6/2017,33.01,42.51,50.75
4/7/2017,33.73,41.47,50.69
4/10/2017,33.19,41.43,50.67
4/11/2017,34.59,41.8,50.27
4/12/2017,34.65,41.34,50.22
4/13/2017,34.72,41.21,49.11
4/17/2017,34.83,40.07,49.2
4/18/2017,33.7,40,49.19
4/19/2017,33.05,40.02,49.04
4/20/2017,32.52,39.9,48.98
4/21/2017,32.96,39.92,47.8
4/24/2017,32.99,39.97,47.81
4/25/2017,31.23,38.75,47.7
4/26/2017,32.34,38.62,47.78
4/27/2017,32.17,38.99,48.07
4/28/2017,32.05,39.05,48.1
5/1/2017,31.56,38.32,47.75
5/2/2017,31.3,38.34,45.6
5/3/2017,30.17,38.02,45.64
5/4/2017,30.32,38.12,45.27
5/5/2017,31.06,38.46,45.24
5/8/2017,32.33,38.25,44.79
5/9/2017,32.45,37.82,44.59
5/10/2017,32.13,37.88,44.63
5/11/2017,32.9,38.18,40.49
5/12/2017,33.1,37.82,40.44
5/15/2017,33.26,38.13,40.62
5/16/2017,31.56,32.31,41.09
5/17/2017,31.66,32.44,39.96
5/18/2017,31.02,32.44,38.83
5/19/2017,31.24,32.7,38.93
5/22/2017,31.87,32.64,38.2
5/23/2017,32.45,33.09,38.59
5/24/2017,32.29,33.08,38.59
5/25/2017,32.15,33.15,38.22
5/26/2017,31.93,33.26,38.16
5/29/2017,31.93,33.26,38.16
5/30/2017,33.07,33.49,37.51
5/31/2017,33.57,33.38,37.67
6/1/2017,34.02,33.25,37.77
6/2/2017,33.62,32.85,37.66
6/5/2017,33.51,32.78,37.56
6/6/2017,34.01,32.96,37.73
6/7/2017,32.58,32.14,36.87
6/8/2017,31.09,32,36.36
6/9/2017,30.86,31.48,36.26
6/12/2017,30.46,31.34,36.25
6/13/2017,30.88,30.92,35.76
6/14/2017,30.72,30.77,35.8
6/15/2017,33.29,31.5,36.23
6/16/2017,32.3,31.4,36.24
6/19/2017,34.21,32.93,37.14
6/20/2017,33.71,32.92,36.69
6/21/2017,32.91,32.77,36.34
6/22/2017,31.65,32.29,36.27
6/23/2017,31.54,32.39,36.31
6/26/2017,33.09,33.18,36.49
6/27/2017,31.54,32.95,36.46
6/28/2017,31.59,31.12,32.05
6/29/2017,31.65,31.12,32.06
6/30/2017,30.73,30.79,32.04
7/3/2017,30.65,31.02,32.44
7/4/2017,30.65,31.02,32.44
7/5/2017,31.08,31.95,32.88
7/6/2017,31.71,31.72,32.62
7/7/2017,31.72,31.63,32.62
7/10/2017,32.13,31.9,32.84
7/11/2017,33.62,32.8,33.48
7/12/2017,33.43,33.05,33.4
7/13/2017,32.95,32.95,33.1
7/14/2017,33,32.96,32.8
7/17/2017,33.2,32.88,32.6
7/18/2017,33.34,33.13,32.77
7/19/2017,33.33,33.13,32.73
7/20/2017,33.41,32.46,32.19
7/21/2017,34.18,32.15,32.37
7/24/2017,34.88,32.38,32.31
7/25/2017,34.77,32.38,32.3
7/26/2017,34.67,32.38,31.87
7/27/2017,32.62,32.48,31.85
7/28/2017,32.69,32.43,31.56
7/31/2017,33.1,33.59,32.65
8/1/2017,33.2,33.19,32.66
8/2/2017,33.18,32.94,32.64
8/3/2017,33.19,32.6,32.53
8/4/2017,33.02,32.07,32.24
8/7/2017,31.45,31.98,32.28
8/8/2017,31.54,31.8,32.32
8/9/2017,32.15,31.39,32.39
8/10/2017,33.92,32.25,31.72
8/11/2017,33.92,32.24,31.69
8/14/2017,32.93,31.86,31.51
8/15/2017,30.83,31.47,31.35
8/16/2017,30.82,30.87,31.42
8/17/2017,30.96,31.03,31.19
8/18/2017,30.45,31.09,31.18
8/21/2017,28.84,31.31,31.38
8/22/2017,28.28,30.81,31.23
8/23/2017,28.21,30.43,31.22
8/24/2017,28.22,30.18,31.16
8/25/2017,28.46,30.44,31.3
8/28/2017,27.79,30.52,31.22
8/29/2017,28.05,30.34,31.25
8/30/2017,28.05,30.34,31.25
8/31/2017,28.99,31.18,31.3
9/1/2017,28.04,31.23,30.9
9/4/2017,28.04,31.23,30.9
9/5/2017,29.53,31.96,31.3
9/6/2017,29.57,31.76,31.2
9/7/2017,29.3,31.7,31.2
9/8/2017,30.63,31.15,31.57
9/11/2017,26.92,31.45,31.72
9/12/2017,27.23,29.96,31.56
9/13/2017,27.63,30.19,31.36
9/14/2017,27.55,30.17,31.22
9/15/2017,27.85,30.36,31.11
9/18/2017,29.88,31.36,31.56
9/19/2017,30.06,30.67,31.48
9/20/2017,29.75,30.72,31.3
9/21/2017,31.81,32.35,31.8
9/22/2017,31.84,32.33,31.75
9/25/2017,32.01,32.44,31.83
9/26/2017,31.92,31.91,31.56
9/27/2017,32.06,31.1,31.49
9/28/2017,32.09,31.04,31.09
9/29/2017,31.86,31,31.09
10/2/2017,32.48,31.34,31.48
10/3/2017,32.47,30.21,31.36
10/4/2017,32.8,30.11,31.13
10/5/2017,32.77,30.08,30.89
10/6/2017,32.84,30.35,30.89
10/9/2017,32.77,30.27,30.93
10/10/2017,33.16,30.21,31.12
10/11/2017,33.09,30.18,30.93
10/12/2017,33.12,31.03,31.46
10/13/2017,32.99,30.61,31.47
10/16/2017,31.98,30.42,31.61
10/17/2017,31.89,30.27,31.62
10/18/2017,33.7,31.23,32.08
10/19/2017,32.5,31.09,32.04
10/20/2017,32.19,31.19,31.35
10/23/2017,32.73,29.69,31.65
10/24/2017,32.23,29.67,30.56
10/25/2017,32.62,29.95,30.72
10/26/2017,32.46,30.02,30.76
10/27/2017,32.86,31.7,31.87
10/30/2017,40.55,35.35,34.32
10/31/2017,41.04,35.7,34.09
11/1/2017,38.39,35.42,34.09
11/2/2017,38.63,34.78,34.14
11/3/2017,38.72,34.96,34.23
11/6/2017,41.33,36.4,35.25
11/7/2017,41.02,36.36,34.92
11/8/2017,40.84,36.18,34.26
